product,date,malfunction,feature1,feature2,feature3,feature4,feature5,feature6,feature7,feature9,active,month,Day_of_week,max_date,failure_before
S1F0,2015-06-01,0,128832128,56,0,52,6,409404,0,7,13046400000000000,6,7,2015-06-01,0
S1F0,2015-11-05,0,115676688,0,0,0,5,689161,0,0,26611200000000000,11,3,2015-11-05,0
S1F0,2015-06-01,0,7441792,0,3,0,6,404786,0,0,13046400000000000,6,7,2015-06-01,0
S1F0,2015-12-02,0,182622184,0,0,0,12,259460,0,0,28944000000000000,12,2,2015-12-02,0
S1F0,2015-06-01,0,185424928,0,0,0,6,412151,0,0,13046400000000000,6,7,2015-06-01,0
S1F0,2015-12-08,0,187540048,0,0,0,19,339283,0,3,29462400000000000,12,1,2015-12-08,0
S1F0,2015-06-01,0,21103248,0,0,41,6,415259,0,1,13046400000000000,6,7,2015-06-01,0
S1F0,2015-12-04,0,6252720,0,0,0,8,426706,0,0,29116800000000000,12,4,2015-12-04,0
S1F0,2015-12-01,0,156754936,0,0,1,19,506684,16,3,28857600000000000,12,1,2015-12-01,1
S1F0,2015-12-08,0,43254744,0,1,0,16,348302,0,0,29462400000000000,12,1,2015-12-08,0
S1F0,2015-06-01,0,94706136,0,323,9,9,409747,0,164,13046400000000000,6,7,2015-06-01,0
S1F0,2015-06-01,0,26603600,0,0,0,7,390654,0,1,13046400000000000,6,7,2015-06-01,0
S1F0,2015-12-03,0,46007056,0,0,0,2,242345,0,8,29030400000000000,12,3,2015-12-03,0
S1F0,2015-06-01,0,136441184,0,266,1,6,401421,0,2270,13046400000000000,6,7,2015-06-01,0
S1F0,2015-06-01,0,159834440,1664,0,236,11,302362,0,0,13046400000000000,6,7,2015-06-01,0
S1F0,2015-06-01,0,172600768,168,2,521,3,382898,0,3,13046400000000000,6,7,2015-06-01,0
S1F0,2015-11-05,0,165689192,0,0,0,8,660135,0,0,26611200000000000,11,3,2015-11-05,0
S1F0,2015-06-01,0,80572208,5160,14,1074,11,249515,0,21,13046400000000000,6,7,2015-06-01,0
S1F0,2015-11-05,0,14443880,0,0,0,8,687901,0,0,26611200000000000,11,3,2015-11-05,0
S1F0,2015-06-01,0,27854680,0,0,0,9,397022,0,5,13046400000000000,6,7,2015-06-01,0
S1F0,2015-06-01,0,240395944,0,0,0,9,413828,0,0,13046400000000000,6,7,2015-06-01,0
S1F0,2015-06-01,0,105791424,0,0,12,14,299488,0,5,13046400000000000,6,7,2015-06-01,0
S1F0,2015-11-05,0,96638896,0,0,0,8,684180,0,0,26611200000000000,11,3,2015-11-05,0
S1F0,2015-06-01,0,128409368,0,0,0,9,391079,0,0,13046400000000000,6,7,2015-06-01,0
S1F0,2015-06-01,0,142338720,0,0,23,14,324388,0,8,13046400000000000,6,7,2015-06-01,0
S1F0,2015-06-01,0,92888672,0,0,6,4,397246,0,2,13046400000000000,6,7,2015-06-01,0
S1F0,2015-05-01,0,13723560,0,0,0,8,263330,0,0,10368000000000000,5,4,2015-05-01,0
S1F0,2015-12-07,0,1695096,56,0,0,8,268930,0,0,29376000000000000,12,7,2015-12-07,1
S1F0,2015-12-08,0,210127608,0,0,0,7,266049,0,0,29462400000000000,12,1,2015-12-08,0
S1F0,2015-06-01,0,150330472,0,0,4,7,398507,0,0,13046400000000000,6,7,2015-06-01,0
S1F0,2015-12-03,0,242170056,0,9,0,17,344321,0,145,29030400000000000,12,3,2015-12-03,0
S1F0,2015-04-01,0,243217648,392,24929,529,3,339302,0,10137,7776000000000000,4,2,2015-04-01,0
S1F0,2015-06-01,0,239542904,2096,0,57,4,368417,16,65,13046400000000000,6,7,2015-06-01,0
S1F0,2015-06-01,0,37478248,0,0,0,7,401237,0,51,13046400000000000,6,7,2015-06-01,0
S1F0,2015-06-01,0,154108728,0,0,8,6,388125,0,1,13046400000000000,6,7,2015-06-01,0
S1F0,2015-06-01,0,93145616,0,0,7,3,391523,0,0,13046400000000000,6,7,2015-06-01,0
S1F0,2015-06-01,0,174852160,0,14,0,3,401869,0,255,13046400000000000,6,7,2015-06-01,0
S1F0,2015-06-01,0,99992296,0,0,2,3,380528,0,0,13046400000000000,6,7,2015-06-01,0
S1F0,2015-06-01,0,226201352,0,0,7,4,389939,0,57,13046400000000000,6,7,2015-06-01,0
S1F0,2015-05-01,0,201934440,392,0,0,4,341352,0,1,10368000000000000,5,4,2015-05-01,0
S1F0,2015-05-01,0,12164440,512,0,0,5,335898,0,0,10368000000000000,5,4,2015-05-01,0
S1F0,2015-05-01,0,56574384,936,0,3,4,335893,0,0,10368000000000000,5,4,2015-05-01,0
S1F0,2015-06-01,0,101294976,1960,0,12,5,378070,0,0,13046400000000000,6,7,2015-06-01,0
S1F0,2015-06-01,0,109998416,168,0,0,4,385347,0,1,13046400000000000,6,7,2015-06-01,0
S1F0,2015-06-01,0,33245424,0,0,0,2,400318,0,3,13046400000000000,6,7,2015-06-01,0
S1F0,2015-12-04,0,131608080,0,0,0,9,426668,0,0,29116800000000000,12,4,2015-12-04,0
S1F0,2015-05-01,0,16377144,0,1,0,4,330296,0,0,10368000000000000,5,4,2015-05-01,0
S1F0,2015-05-01,0,120628960,760,3,2,4,338658,0,6,10368000000000000,5,4,2015-05-01,0
S1F0,2015-12-07,0,203177400,2000,0,3,7,412285,0,2,29376000000000000,12,7,2015-12-07,1
S1F0,2015-05-01,0,97346208,8392,0,7,3,306534,0,4,10368000000000000,5,4,2015-05-01,0
S1F0,2015-05-01,0,234536728,360,0,0,3,343127,0,2,10368000000000000,5,4,2015-05-01,0
S1F0,2015-05-01,0,120147432,0,0,0,4,335846,0,0,10368000000000000,5,4,2015-05-01,0
S1F0,2015-05-01,0,54685112,8,1,8,4,342560,0,1,10368000000000000,5,4,2015-05-01,0
S1F0,2015-12-09,0,84177744,0,0,0,8,434124,0,1,29548800000000000,12,2,2015-12-09,0
S1F0,2015-12-09,0,113286168,8480,0,0,10,444297,128,0,29548800000000000,12,2,2015-12-09,0
S1F0,2015-05-01,0,204758432,504,0,3,4,346599,0,0,10368000000000000,5,4,2015-05-01,0
S1F0,2015-05-01,0,34553776,21944,0,331,4,257578,8,0,10368000000000000,5,4,2015-05-01,0
S1F0,2015-05-01,0,8996352,1400,0,0,4,320362,0,0,10368000000000000,5,4,2015-05-01,0
S1F0,2015-05-01,0,116995064,136,3,6,4,336505,48,5,10368000000000000,5,4,2015-05-01,0
S1F0,2015-12-08,0,161529800,0,0,6,6,263005,0,0,29462400000000000,12,1,2015-12-08,0
S1F0,2015-12-10,0,136120504,0,0,0,8,413844,0,2,29635200000000000,12,3,2015-12-10,0
S1F0,2015-12-10,0,120904408,0,0,0,5,361203,0,0,29635200000000000,12,3,2015-12-10,0
S1F0,2015-12-03,0,237192160,0,0,0,6,237272,0,0,29030400000000000,12,3,2015-12-03,0
S1F0,2015-05-01,0,211600464,360,0,1,4,307903,0,0,10368000000000000,5,4,2015-05-01,0
S1F0,2015-05-01,0,97159912,8688,382,7,4,332141,0,1864,10368000000000000,5,4,2015-05-01,0
S1F0,2015-05-01,0,148618360,104,0,0,4,338482,0,0,10368000000000000,5,4,2015-05-01,0
S1F0,2015-05-01,0,71843000,0,0,0,4,355703,0,0,10368000000000000,5,4,2015-05-01,0
S1F0,2015-07-01,1,184069720,528,0,4,9,387871,32,3,15638400000000000,7,2,2015-07-01,0
S1F0,2015-05-01,0,108810208,192,0,0,4,341737,0,0,10368000000000000,5,4,2015-05-01,0
S1F0,2015-05-01,0,151849744,816,0,0,4,345714,0,1,10368000000000000,5,4,2015-05-01,0
S1F0,2015-05-01,0,115474568,0,0,0,4,349659,312,0,10368000000000000,5,4,2015-05-01,0
S1F0,2015-05-01,0,70446616,520,0,3,4,337879,0,0,10368000000000000,5,4,2015-05-01,0
S1F0,2015-12-10,0,135617320,3272,0,6,8,421928,0,0,29635200000000000,12,3,2015-12-10,0
S1F0,2015-05-01,0,233795744,1248,1326,4,5,320962,0,898,10368000000000000,5,4,2015-05-01,0
S1F0,2015-05-01,0,25699656,376,0,0,4,324430,0,9,10368000000000000,5,4,2015-05-01,0
S1F0,2015-05-01,0,214991784,0,0,0,4,342613,0,0,10368000000000000,5,4,2015-05-01,0
S1F0,2015-05-01,0,210357704,6360,0,1,4,288607,0,0,10368000000000000,5,4,2015-05-01,0
S1F0,2015-12-05,0,126964144,0,0,0,6,282567,0,0,29203200000000000,12,5,2015-12-05,0
S1F0,2015-12-02,0,204249320,0,0,39,12,462175,0,0,28944000000000000,12,2,2015-12-02,1
S1F0,2015-12-10,0,121469480,0,0,0,10,337476,0,0,29635200000000000,12,3,2015-12-10,0
S1F0,2015-12-08,0,152965760,0,0,0,17,280086,0,0,29462400000000000,12,1,2015-12-08,0
S1F0,2015-12-10,0,94847480,0,0,0,11,343176,0,0,29635200000000000,12,3,2015-12-10,0
S1F0,2015-12-02,0,164556224,0,0,0,11,240176,0,0,28944000000000000,12,2,2015-12-02,0
S1F0,2015-12-04,0,21188816,0,0,0,10,250973,0,3,29116800000000000,12,4,2015-12-04,1
S1F0,2015-12-03,0,45705128,0,0,0,10,316499,0,2,29030400000000000,12,3,2015-12-03,0
S1F0,2015-12-10,0,137779704,0,0,0,11,295087,0,0,29635200000000000,12,3,2015-12-10,0
S1F0,2015-12-10,0,202153888,0,0,0,11,340378,0,0,29635200000000000,12,3,2015-12-10,0
S1F0,2015-12-03,0,147981600,0,0,0,14,318559,0,0,29030400000000000,12,3,2015-12-03,0
S1F0,2015-12-08,0,67549288,0,0,0,92,251014,0,0,29462400000000000,12,1,2015-12-08,0
S1F0,2015-12-09,0,199795608,0,0,0,8,319614,0,0,29548800000000000,12,2,2015-12-09,0
S1F0,2015-12-03,0,40887816,0,0,0,12,317327,0,0,29030400000000000,12,3,2015-12-03,0
S1F0,2015-12-08,0,197290416,0,0,0,70,251293,0,0,29462400000000000,12,1,2015-12-08,0
S1F0,2015-12-10,0,2608168,6304,0,6,10,339302,0,0,29635200000000000,12,3,2015-12-10,0
S1F0,2015-12-01,0,25235112,64736,0,0,11,192179,0,2,28857600000000000,12,1,2015-12-01,1
S1F0,2015-12-08,0,210410776,0,0,0,62,218001,0,0,29462400000000000,12,1,2015-12-08,0
S1F0,2015-12-10,0,7164736,0,0,0,11,343955,0,0,29635200000000000,12,3,2015-12-10,0
S1F0,2015-12-08,0,146916488,0,0,0,58,251222,0,0,29462400000000000,12,1,2015-12-08,0
S1F0,2015-12-08,0,176230640,0,0,0,63,253359,0,0,29462400000000000,12,1,2015-12-08,0
S1F0,2015-12-03,0,138591582,80,0,147,9,229593,0,0,29030400000000000,12,3,2015-12-03,1
S1F0,2015-12-04,0,149122792,0,0,0,65,244683,0,0,29116800000000000,12,4,2015-12-04,1
S1F0,2015-12-05,0,197541584,0,0,0,90,249366,0,0,29203200000000000,12,5,2015-12-05,1
S1F0,2015-12-07,1,236544080,0,0,0,9,264594,0,0,29376000000000000,12,7,2015-12-07,0
S1F0,2015-12-10,0,163346512,0,0,0,10,336390,0,9,29635200000000000,12,3,2015-12-10,0
S1F0,2015-12-08,0,49948680,0,0,0,92,248881,0,1,29462400000000000,12,1,2015-12-08,0
S1F0,2015-12-08,0,149690904,0,0,0,67,253080,0,0,29462400000000000,12,1,2015-12-08,0
S1F0,2015-12-05,0,244098144,0,0,0,12,256747,0,0,29203200000000000,12,5,2015-12-05,1
S1F0,2015-12-07,0,238322848,0,0,21,91,251720,0,0,29376000000000000,12,7,2015-12-07,1
S1F0,2015-12-08,0,74559392,0,5,6,95,252816,0,0,29462400000000000,12,1,2015-12-08,0
S1F0,2015-12-10,0,103552688,0,0,0,9,333475,0,0,29635200000000000,12,3,2015-12-10,0
S1F0,2015-12-03,0,103729368,0,0,0,35,305857,0,2,29030400000000000,12,3,2015-12-03,0
S1F0,2015-12-03,0,63503800,0,0,0,7,223881,0,0,29030400000000000,12,3,2015-12-03,0
S1F0,2015-12-07,1,9995856,0,0,0,8,270087,0,0,29376000000000000,12,7,2015-12-07,0
S1F0,2015-12-03,0,64631744,0,0,0,58,244376,0,0,29030400000000000,12,3,2015-12-03,1
S1F0,2015-12-09,0,203424256,0,0,0,8,319244,16,0,29548800000000000,12,2,2015-12-09,1
S1F0,2015-12-09,0,169490248,0,0,30,42,387368,0,14,29548800000000000,12,2,2015-12-09,0
S1F0,2015-12-03,0,59288152,0,0,0,14,315268,0,0,29030400000000000,12,3,2015-12-03,0
S1F0,2015-12-10,0,179067664,0,0,0,11,338007,0,0,29635200000000000,12,3,2015-12-10,0
S1F0,2015-12-03,0,92698752,0,0,0,37,302393,0,3,29030400000000000,12,3,2015-12-03,0
S1F0,2015-12-05,0,105276520,0,0,0,7,312326,0,0,29203200000000000,12,5,2015-12-05,1
S1F0,2015-05-01,0,50708640,0,0,0,6,211149,0,0,10368000000000000,5,4,2015-05-01,0
S1F0,2015-12-08,0,98585032,0,0,0,8,331760,0,7,29462400000000000,12,1,2015-12-08,0
S1F0,2015-12-10,0,137561840,0,0,0,12,535362,0,0,29635200000000000,12,3,2015-12-10,0
S1F0,2015-05-01,0,53479192,0,0,0,6,211816,0,0,10368000000000000,5,4,2015-05-01,0
S1F0,2015-12-10,0,38979048,0,0,0,12,550740,0,0,29635200000000000,12,3,2015-12-10,0
S1F0,2015-12-08,0,178472104,0,0,0,7,323551,0,0,29462400000000000,12,1,2015-12-08,0
S1F0,2015-06-01,0,60030768,0,0,0,17,221999,0,0,13046400000000000,6,7,2015-06-01,0
S1F0,2015-05-01,0,201974816,0,0,0,6,184107,0,0,10368000000000000,5,4,2015-05-01,0
S1F0,2015-12-01,0,224240872,0,0,1,11,461757,0,0,28857600000000000,12,1,2015-12-01,1
S1F0,2015-12-04,0,71797976,352,0,0,8,218972,0,0,29116800000000000,12,4,2015-12-04,1
S1F0,2015-12-07,0,147000704,184,0,1,6,331547,0,0,29376000000000000,12,7,2015-12-07,1
S1F0,2015-12-03,0,13430776,0,0,49,13,467260,0,0,29030400000000000,12,3,2015-12-03,1
S1F0,2015-12-08,0,171418288,0,0,0,6,331315,0,4,29462400000000000,12,1,2015-12-08,0
S1F0,2015-06-01,0,156558384,17408,0,1,15,184512,0,4,13046400000000000,6,7,2015-06-01,0
S1F0,2015-05-01,0,21613272,0,0,0,7,205038,0,0,10368000000000000,5,4,2015-05-01,0
S1F0,2015-05-01,0,199189208,0,0,0,7,211758,0,1,10368000000000000,5,4,2015-05-01,0
S1F0,2015-05-01,0,152490864,0,0,0,7,211725,0,0,10368000000000000,5,4,2015-05-01,0
S1F0,2015-06-01,0,223063984,0,0,26,16,197805,0,4,13046400000000000,6,7,2015-06-01,0
S1F0,2015-05-01,0,7333128,0,0,0,5,206114,0,5,10368000000000000,5,4,2015-05-01,0
S1F0,2015-05-01,0,221793288,1152,0,6,8,203833,0,0,10368000000000000,5,4,2015-05-01,0
S1F0,2015-05-01,0,53602488,0,1,14,6,211941,0,2,10368000000000000,5,4,2015-05-01,0
S1F0,2015-06-01,0,61984704,0,0,0,11,201526,0,4,13046400000000000,6,7,2015-06-01,0
S1F0,2015-05-01,0,27125960,0,0,0,8,206788,0,0,10368000000000000,5,4,2015-05-01,0
S1F0,2015-12-03,0,65242712,0,0,8,9,169543,0,0,29030400000000000,12,3,2015-12-03,0
S1F0,2015-12-08,0,222459704,0,0,6,60,251487,0,0,29462400000000000,12,1,2015-12-08,0
S1F0,2015-12-05,0,241562368,0,0,0,4,420237,0,0,29203200000000000,12,5,2015-12-05,0
S1F0,2015-12-02,0,140236784,0,0,0,2,269283,0,0,28944000000000000,12,2,2015-12-02,0
S1F0,2015-12-02,0,45550312,0,0,0,4,275623,0,0,28944000000000000,12,2,2015-12-02,0
S1F0,2015-12-01,0,49137600,0,0,0,8,255693,0,1,28857600000000000,12,1,2015-12-01,1
S1F0,2015-12-03,0,85130152,0,0,0,6,244030,0,1,29030400000000000,12,3,2015-12-03,0
S1F0,2015-12-08,0,121987208,0,0,0,8,290114,0,0,29462400000000000,12,1,2015-12-08,0
S1F0,2015-12-02,0,161129128,0,0,0,12,270501,0,98,28944000000000000,12,2,2015-12-02,0
S1F0,2015-06-01,0,90348264,0,0,20,10,203723,0,4,13046400000000000,6,7,2015-06-01,0
S1F0,2015-12-02,0,135686952,0,0,0,6,263881,0,0,28944000000000000,12,2,2015-12-02,0
S1F0,2015-12-02,0,105323240,0,0,0,5,269936,0,2,28944000000000000,12,2,2015-12-02,0
S1F0,2015-12-02,0,67335664,0,0,0,12,272785,0,0,28944000000000000,12,2,2015-12-02,0
S1F0,2015-12-05,0,220482696,0,0,0,8,268225,0,0,29203200000000000,12,5,2015-12-05,1
S1F0,2015-12-02,0,44191632,0,0,0,12,263616,0,0,28944000000000000,12,2,2015-12-02,0
S1F0,2015-12-02,0,83617576,0,0,0,6,275385,0,0,28944000000000000,12,2,2015-12-02,0
S1F0,2015-12-03,0,176532616,0,0,0,7,238663,0,0,29030400000000000,12,3,2015-12-03,0
S1F0,2015-12-03,0,208769072,0,0,0,6,247508,0,0,29030400000000000,12,3,2015-12-03,0
S1F0,2015-12-02,0,239912632,0,0,0,6,263567,0,1,28944000000000000,12,2,2015-12-02,0
S1F0,2015-12-03,0,229227840,0,0,0,7,246019,0,0,29030400000000000,12,3,2015-12-03,0
S1F0,2015-07-01,0,13326392,0,0,0,8,380445,0,0,15638400000000000,7,2,2015-07-01,0
S1F0,2015-12-05,0,202790776,0,0,30,12,227454,0,1,29203200000000000,12,5,2015-12-05,1
S1F0,2015-06-01,0,25538648,0,0,0,9,221463,0,2,13046400000000000,6,7,2015-06-01,0
S1F0,2015-12-05,0,222754232,0,0,0,7,217049,0,0,29203200000000000,12,5,2015-12-05,0
S1F0,2015-06-01,0,40266248,0,0,0,17,220799,0,2,13046400000000000,6,7,2015-06-01,0
S1F0,2015-06-01,0,194569936,0,0,0,8,193307,0,0,13046400000000000,6,7,2015-06-01,0
S1F0,2015-06-01,0,199199576,0,0,9,8,187342,0,1,13046400000000000,6,7,2015-06-01,0
S1F0,2015-12-03,0,5195872,0,0,0,6,246849,0,0,29030400000000000,12,3,2015-12-03,0
S1F0,2015-06-01,0,84047008,0,0,0,6,199886,0,0,13046400000000000,6,7,2015-06-01,0
S1F0,2015-12-03,0,34919864,0,0,0,12,227939,0,2,29030400000000000,12,3,2015-12-03,0
S1F0,2015-06-01,0,42541240,0,0,0,17,221819,0,0,13046400000000000,6,7,2015-06-01,0
S1F0,2015-06-01,0,143568744,0,0,0,12,188244,0,0,13046400000000000,6,7,2015-06-01,0
S1F0,2015-06-01,0,45017616,0,0,6,8,204280,0,1,13046400000000000,6,7,2015-06-01,0
S1F0,2015-06-01,0,205139392,0,0,0,8,190058,0,0,13046400000000000,6,7,2015-06-01,0
S1F0,2015-06-01,0,221355984,0,0,0,6,192978,0,0,13046400000000000,6,7,2015-06-01,0
S1F0,2015-06-01,0,108542752,0,0,0,9,177932,0,0,13046400000000000,6,7,2015-06-01,0
S1F0,2015-06-01,0,82607904,0,0,0,16,221455,0,2,13046400000000000,6,7,2015-06-01,0
S1F0,2015-11-05,0,108158136,0,0,22,13,175601,0,0,26611200000000000,11,3,2015-11-05,0
S1F0,2015-06-01,0,28049256,0,0,0,17,219619,0,0,13046400000000000,6,7,2015-06-01,0
S1F0,2015-12-03,0,76094776,0,0,0,6,246379,0,0,29030400000000000,12,3,2015-12-03,0
S1F0,2015-12-03,0,112505632,0,0,0,13,244513,0,0,29030400000000000,12,3,2015-12-03,0
S1F0,2015-06-01,0,153997360,0,2,0,13,188354,0,2794,13046400000000000,6,7,2015-06-01,0
S1F0,2015-06-01,0,219549832,0,0,13,9,193947,0,0,13046400000000000,6,7,2015-06-01,0
S1F0,2015-06-01,0,90488080,0,0,2,10,221863,0,0,13046400000000000,6,7,2015-06-01,0
S1F0,2015-12-08,0,13328904,0,0,0,6,249995,0,6,29462400000000000,12,1,2015-12-08,0
S1F0,2015-12-01,0,16815584,0,0,9,7,222119,16,0,28857600000000000,12,1,2015-12-01,1
S1F0,2015-12-02,0,90897776,0,5,0,11,275263,0,2,28944000000000000,12,2,2015-12-02,0
S1F0,2015-12-03,0,48456984,0,0,0,13,243824,0,0,29030400000000000,12,3,2015-12-03,0
S1F0,2015-06-01,0,35507008,0,0,0,11,194244,0,0,13046400000000000,6,7,2015-06-01,0
S1F0,2015-06-01,0,165411664,0,0,0,8,200671,0,0,13046400000000000,6,7,2015-06-01,0
S1F0,2015-12-02,0,223132680,0,2,0,5,274966,0,1,28944000000000000,12,2,2015-12-02,0
S1F0,2015-12-02,0,230774312,0,1,0,5,263463,0,0,28944000000000000,12,2,2015-12-02,0
S1F0,2015-12-02,0,159608680,0,0,0,5,274824,0,5,28944000000000000,12,2,2015-12-02,0
S1F0,2015-12-02,0,8812160,3848,0,17,6,274691,0,2,28944000000000000,12,2,2015-12-02,0
S1F0,2015-11-05,0,236480408,0,0,0,12,198234,0,0,26611200000000000,11,3,2015-11-05,0
S1F0,2015-06-01,0,70730576,0,0,6,10,213474,0,0,13046400000000000,6,7,2015-06-01,0
S1F0,2015-06-01,0,238919600,0,0,0,11,220039,0,4,13046400000000000,6,7,2015-06-01,0
S1F0,2015-11-05,0,77556784,0,0,0,19,233741,0,3,26611200000000000,11,3,2015-11-05,0
S1F0,2015-12-03,0,105242200,0,0,0,9,203208,0,1,29030400000000000,12,3,2015-12-03,0
S1F0,2015-12-02,0,50516744,0,0,0,11,271404,0,0,28944000000000000,12,2,2015-12-02,0
S1F0,2015-06-01,0,159210128,0,0,1,16,218591,6,1,13046400000000000,6,7,2015-06-01,0
S1F0,2015-06-01,0,206377200,0,0,0,9,192568,0,0,13046400000000000,6,7,2015-06-01,0
S1F0,2015-11-05,0,48702968,0,0,0,9,216591,0,0,26611200000000000,11,3,2015-11-05,0
S1F0,2015-12-02,0,151068216,0,0,0,11,274860,0,0,28944000000000000,12,2,2015-12-02,0
S1F0,2015-06-01,0,156249560,0,0,0,17,220651,0,0,13046400000000000,6,7,2015-06-01,0
S1F0,2015-12-03,0,16365696,0,0,0,12,243754,0,0,29030400000000000,12,3,2015-12-03,0
S1F0,2015-12-03,0,122964064,0,0,0,6,243863,0,0,29030400000000000,12,3,2015-12-03,0
S1F0,2015-12-03,0,63149416,0,0,0,10,232514,0,1,29030400000000000,12,3,2015-12-03,0
S1F0,2015-12-03,0,240966856,0,0,0,6,247346,0,0,29030400000000000,12,3,2015-12-03,0
S1F0,2015-06-01,0,35688840,0,0,0,17,219609,0,0,13046400000000000,6,7,2015-06-01,0
S1F0,2015-06-01,0,240814784,0,0,0,10,219659,0,0,13046400000000000,6,7,2015-06-01,0
S1F0,2015-06-01,0,31531304,0,0,0,9,221610,0,0,13046400000000000,6,7,2015-06-01,0
S1F0,2015-12-03,0,123066752,0,0,0,8,246128,0,0,29030400000000000,12,3,2015-12-03,0
S1F0,2015-11-05,0,119409040,0,0,0,12,197153,0,0,26611200000000000,11,3,2015-11-05,0
S1F0,2015-11-05,0,28057400,0,0,0,11,201813,0,5,26611200000000000,11,3,2015-11-05,0
S1F0,2015-12-03,0,72770360,0,0,0,13,246582,0,1,29030400000000000,12,3,2015-12-03,0
S1F0,2015-12-03,0,135865408,0,0,0,12,248052,0,0,29030400000000000,12,3,2015-12-03,0
S1F0,2015-06-01,0,61724120,0,0,0,6,192745,0,0,13046400000000000,6,7,2015-06-01,0
S1F0,2015-12-03,0,179862368,0,0,0,7,212533,0,4,29030400000000000,12,3,2015-12-03,0
S1F0,2015-12-03,0,175468272,0,0,12,6,246678,0,0,29030400000000000,12,3,2015-12-03,0
S1F0,2015-12-08,0,126594360,0,0,0,9,241903,0,0,29462400000000000,12,1,2015-12-08,0
S1F0,2015-12-03,0,242718440,0,0,0,6,243127,0,0,29030400000000000,12,3,2015-12-03,0
S1F0,2015-06-01,0,122292088,0,0,6,16,220454,0,0,13046400000000000,6,7,2015-06-01,0
S1F0,2015-06-01,0,138489248,0,0,0,16,211279,0,0,13046400000000000,6,7,2015-06-01,0
S1F0,2015-07-01,0,148434224,0,0,0,7,388782,0,0,15638400000000000,7,2,2015-07-01,0
S1F0,2015-12-08,0,95029456,0,0,0,9,233945,0,0,29462400000000000,12,1,2015-12-08,0
S1F0,2015-06-01,0,140754528,0,0,27,11,218117,0,0,13046400000000000,6,7,2015-06-01,0
S1F0,2015-06-01,0,31707176,0,0,0,8,188271,0,0,13046400000000000,6,7,2015-06-01,0
S1F0,2015-07-01,0,75756568,0,0,0,9,334400,0,13,15638400000000000,7,2,2015-07-01,0
S1F0,2015-12-08,0,44744192,0,0,0,11,245368,0,0,29462400000000000,12,1,2015-12-08,0
S1F0,2015-12-08,0,200201112,0,0,0,7,294210,0,0,29462400000000000,12,1,2015-12-08,0
S1F0,2015-07-01,0,188244472,0,0,0,12,312015,0,0,15638400000000000,7,2,2015-07-01,0
S1F0,2015-12-08,0,207589344,0,0,0,8,299069,0,0,29462400000000000,12,1,2015-12-08,0
S1F0,2015-12-03,0,83064176,160,0,0,12,283122,0,0,29030400000000000,12,3,2015-12-03,1
S1F0,2015-12-03,0,20714048,0,0,6,10,193541,0,0,29030400000000000,12,3,2015-12-03,0
S1F0,2015-07-01,0,24826832,0,0,6,10,327793,0,0,15638400000000000,7,2,2015-07-01,0
S1F0,2015-12-08,0,37979064,0,0,0,14,293371,0,0,29462400000000000,12,1,2015-12-08,0
S1F0,2015-05-01,1,48467332,64776,0,841,8,39267,56,1,10368000000000000,5,4,2015-05-01,0
S1F0,2015-12-01,0,11425696,0,0,4,8,253549,0,0,28857600000000000,12,1,2015-12-01,0
S1F0,2015-12-08,0,83470392,0,0,0,11,247501,0,1,29462400000000000,12,1,2015-12-08,0
S1F0,2015-07-01,0,202325472,0,0,0,6,385045,0,0,15638400000000000,7,2,2015-07-01,0
S1F0,2015-12-08,0,117575112,0,0,0,7,297841,0,0,29462400000000000,12,1,2015-12-08,0
S1F0,2015-12-03,0,111694664,0,0,0,8,283657,0,15,29030400000000000,12,3,2015-12-03,0
S1F0,2015-12-08,0,140625864,0,0,0,14,298142,0,0,29462400000000000,12,1,2015-12-08,0
S1F0,2015-12-03,0,184723904,0,0,0,8,194459,0,3,29030400000000000,12,3,2015-12-03,0
S1F0,2015-12-03,0,54018096,0,0,0,7,319358,0,0,29030400000000000,12,3,2015-12-03,0
S1F0,2015-12-08,0,44462704,0,0,0,12,223135,0,0,29462400000000000,12,1,2015-12-08,0
S1F0,2015-12-03,0,62186160,0,406,0,12,326946,0,2637,29030400000000000,12,3,2015-12-03,0
S1F0,2015-07-01,0,149492512,0,0,0,13,383682,0,0,15638400000000000,7,2,2015-07-01,0
S1F0,2015-12-08,0,159321240,0,0,0,9,294219,0,26,29462400000000000,12,1,2015-12-08,0
S1F0,2015-12-08,0,182364152,0,0,0,13,300201,0,0,29462400000000000,12,1,2015-12-08,0
S1F0,2015-12-03,0,118877360,0,0,0,8,141203,0,1,29030400000000000,12,3,2015-12-03,0
S1F0,2015-12-04,0,241802520,0,0,0,13,272550,0,0,29116800000000000,12,4,2015-12-04,1
S1F0,2015-12-03,0,17574320,0,0,0,12,194618,0,0,29030400000000000,12,3,2015-12-03,0
S1F0,2015-07-01,0,171127176,0,0,0,10,388954,0,0,15638400000000000,7,2,2015-07-01,0
S1F0,2015-07-01,0,100633152,0,0,0,7,385272,0,0,15638400000000000,7,2,2015-07-01,0
S1F0,2015-12-03,0,116433344,0,0,6,6,318815,0,8,29030400000000000,12,3,2015-12-03,0
S1F0,2015-12-08,0,150247120,0,0,0,8,189926,0,0,29462400000000000,12,1,2015-12-08,0
S1F0,2015-12-01,0,126968784,0,0,0,7,254882,0,0,28857600000000000,12,1,2015-12-01,0
S1F0,2015-12-03,0,232627304,0,0,0,7,193019,0,2,29030400000000000,12,3,2015-12-03,0
S1F0,2015-07-01,0,82852400,0,0,0,7,384650,0,5,15638400000000000,7,2,2015-07-01,0
S1F0,2015-12-01,0,83169624,1184,0,0,14,259107,8,0,28857600000000000,12,1,2015-12-01,1
S1F0,2015-12-08,0,223776224,0,0,0,16,272606,0,0,29462400000000000,12,1,2015-12-08,0
S1F0,2015-12-03,0,123754248,32,0,6,11,183422,0,7,29030400000000000,12,3,2015-12-03,0
S1F0,2015-12-08,0,215528032,0,1331,0,14,240826,0,34,29462400000000000,12,1,2015-12-08,0
S1F0,2015-12-01,0,136251264,64728,0,10,13,198131,8,0,28857600000000000,12,1,2015-12-01,0
S1F0,2015-12-08,0,133438024,0,0,0,8,299217,0,0,29462400000000000,12,1,2015-12-08,0
S1F0,2015-07-01,0,60263976,0,0,0,11,387198,0,0,15638400000000000,7,2,2015-07-01,0
S1F0,2015-12-08,0,38309272,0,0,0,14,294296,0,0,29462400000000000,12,1,2015-12-08,0
S1F0,2015-12-08,0,190188512,0,2,0,13,294024,0,34,29462400000000000,12,1,2015-12-08,0
S1F0,2015-12-03,0,139399296,0,0,0,6,191244,0,1,29030400000000000,12,3,2015-12-03,0
S1F0,2015-07-01,0,225847568,0,0,0,7,382323,0,0,15638400000000000,7,2,2015-07-01,0
S1F0,2015-12-03,0,154076000,0,0,0,8,190882,0,2,29030400000000000,12,3,2015-12-03,0
S1F0,2015-07-01,0,225286304,0,0,0,6,383967,0,0,15638400000000000,7,2,2015-07-01,0
S1F0,2015-12-08,0,10298808,0,0,21,8,293451,0,0,29462400000000000,12,1,2015-12-08,0
S1F0,2015-12-02,0,66133632,712,0,69,12,207209,0,0,28944000000000000,12,2,2015-12-02,1
S1F0,2015-12-07,0,188798768,9264,0,12,6,267414,0,0,29376000000000000,12,7,2015-12-07,1
S1F0,2015-12-03,0,15191920,0,0,0,7,192396,0,0,29030400000000000,12,3,2015-12-03,0
S1F0,2015-07-01,0,85797440,0,0,0,6,383380,0,0,15638400000000000,7,2,2015-07-01,0
S1F0,2015-12-08,0,92287936,0,0,0,14,290113,0,0,29462400000000000,12,1,2015-12-08,0
S1F0,2015-07-01,0,205515648,0,0,0,7,331634,0,0,15638400000000000,7,2,2015-07-01,0
S1F0,2015-12-03,0,155718400,0,0,0,9,271452,0,0,29030400000000000,12,3,2015-12-03,1
S1F0,2015-12-03,0,50832344,0,0,0,10,193835,0,0,29030400000000000,12,3,2015-12-03,0
S1F0,2015-12-03,0,166588528,0,0,76,10,184062,16,0,29030400000000000,12,3,2015-12-03,0
S1F0,2015-12-08,0,58741184,0,0,0,8,260157,0,0,29462400000000000,12,1,2015-12-08,0
S1F0,2015-12-03,0,209199720,0,0,0,12,283488,0,0,29030400000000000,12,3,2015-12-03,0
S1F0,2015-12-01,0,54846192,0,0,0,8,249458,0,1,28857600000000000,12,1,2015-12-01,0
S1F0,2015-12-10,0,11905568,0,0,0,15,339493,0,0,29635200000000000,12,3,2015-12-10,0
S1F0,2015-12-01,0,103167768,0,0,0,7,255081,0,0,28857600000000000,12,1,2015-12-01,1
S1F0,2015-12-08,0,27861712,0,0,0,12,244178,0,0,29462400000000000,12,1,2015-12-08,0
S1F0,2015-12-04,0,28728032,0,0,0,10,324540,0,2,29116800000000000,12,4,2015-12-04,0
S1F0,2015-12-03,0,137304664,0,0,6,9,283512,0,0,29030400000000000,12,3,2015-12-03,0
S1F0,2015-12-01,0,34851128,0,0,0,14,254205,0,0,28857600000000000,12,1,2015-12-01,0
S1F0,2015-12-01,0,144848224,0,0,0,12,253896,0,0,28857600000000000,12,1,2015-12-01,0
S1F0,2015-12-01,0,118467064,0,21,6,8,248707,0,1,28857600000000000,12,1,2015-12-01,0
S1F0,2015-12-03,0,122929072,0,0,2,7,325557,0,0,29030400000000000,12,3,2015-12-03,0
S1F0,2015-12-01,0,200481912,0,0,6,7,213844,0,1,28857600000000000,12,1,2015-12-01,0
S1F0,2015-12-03,0,90958248,0,0,0,8,190810,0,1,29030400000000000,12,3,2015-12-03,0
S1F0,2015-12-03,0,101021080,0,0,0,8,141569,0,3,29030400000000000,12,3,2015-12-03,0
S1F0,2015-12-01,0,21285808,0,208,0,9,247275,0,25,28857600000000000,12,1,2015-12-01,0
S1F0,2015-12-03,0,196493904,0,0,0,9,193506,0,0,29030400000000000,12,3,2015-12-03,0
S1F0,2015-07-01,0,208679784,0,0,0,8,385663,0,4,15638400000000000,7,2,2015-07-01,0
S1F0,2015-07-01,0,26583504,0,0,0,11,388824,0,1,15638400000000000,7,2,2015-07-01,0
S1F0,2015-12-03,0,96319200,24,0,0,6,238762,0,233,29030400000000000,12,3,2015-12-03,0
S1F0,2015-12-08,0,109736720,0,0,0,12,295275,0,0,29462400000000000,12,1,2015-12-08,0
S1F0,2015-12-06,0,36874416,0,0,0,8,273629,0,0,29289600000000000,12,6,2015-12-06,1
S1F0,2015-12-08,0,14322832,0,0,0,17,273046,0,0,29462400000000000,12,1,2015-12-08,0
S1F0,2015-12-08,0,212247888,0,0,0,11,249963,0,0,29462400000000000,12,1,2015-12-08,0
S1F0,2015-12-01,0,164088600,0,0,0,14,255312,0,0,28857600000000000,12,1,2015-12-01,0
S1F0,2015-12-03,0,26634768,0,0,0,11,192273,0,0,29030400000000000,12,3,2015-12-03,0
S1F0,2015-12-03,0,123036984,0,0,0,11,283641,0,8,29030400000000000,12,3,2015-12-03,0
S1F0,2015-12-08,0,81459672,0,220,0,8,293737,0,24,29462400000000000,12,1,2015-12-08,0
S1F0,2015-12-08,0,46658328,0,0,0,13,283242,0,0,29462400000000000,12,1,2015-12-08,0
S1F0,2015-12-03,0,53630824,0,0,0,8,317896,0,3,29030400000000000,12,3,2015-12-03,0
S1F0,2015-07-01,0,156486856,0,0,0,7,382888,0,0,15638400000000000,7,2,2015-07-01,0
S1F0,2015-12-01,0,229742360,0,0,0,7,246822,0,0,28857600000000000,12,1,2015-12-01,0
S1F0,2015-12-01,0,241394712,0,0,0,9,254922,0,0,28857600000000000,12,1,2015-12-01,0
S1F0,2015-12-03,0,114073840,0,0,18,13,324237,8,0,29030400000000000,12,3,2015-12-03,0
S1F0,2015-12-05,0,163436064,0,0,0,9,340196,0,3,29203200000000000,12,5,2015-12-05,0
S1F0,2015-12-03,0,176460120,0,0,0,13,244543,0,0,29030400000000000,12,3,2015-12-03,0
S1F0,2015-06-01,0,17502432,0,0,0,9,192433,0,1,13046400000000000,6,7,2015-06-01,0
S1F0,2015-12-03,0,164995704,0,0,0,7,229895,0,2,29030400000000000,12,3,2015-12-03,0
S1F0,2015-12-03,0,68562288,0,0,0,11,229030,0,0,29030400000000000,12,3,2015-12-03,0
S1F0,2015-06-01,0,118609280,0,0,0,12,192104,0,0,13046400000000000,6,7,2015-06-01,0
S1F0,2015-06-01,0,87263440,0,0,0,6,203208,0,0,13046400000000000,6,7,2015-06-01,0
S1F0,2015-12-02,0,119647904,0,0,0,12,263307,0,1,28944000000000000,12,2,2015-12-02,0
S1F0,2015-12-02,0,201662104,0,0,0,11,263792,0,0,28944000000000000,12,2,2015-12-02,0
S1F0,2015-06-01,0,11166184,0,0,0,7,194590,0,0,13046400000000000,6,7,2015-06-01,0
S1F0,2015-06-01,0,230480536,0,0,0,17,221531,0,0,13046400000000000,6,7,2015-06-01,0
S1F0,2015-12-03,0,175736202,34912,0,97,12,242780,0,0,29030400000000000,12,3,2015-12-03,0
S1F0,2015-06-01,0,150146824,0,0,0,6,193523,0,3,13046400000000000,6,7,2015-06-01,0
S1F0,2015-06-01,0,148268544,0,0,0,7,199939,0,2,13046400000000000,6,7,2015-06-01,0
S1F0,2015-06-01,0,188789432,0,0,6,16,221437,0,0,13046400000000000,6,7,2015-06-01,0
S1F0,2015-12-01,0,97517560,7024,0,24,9,246284,0,0,28857600000000000,12,1,2015-12-01,0
S1F0,2015-12-03,0,140071184,0,0,0,8,324263,0,0,29030400000000000,12,3,2015-12-03,0
S1F0,2015-12-08,0,12213056,0,1,0,7,299846,0,7,29462400000000000,12,1,2015-12-08,0
S1F0,2015-07-01,0,74354968,0,0,0,11,380986,0,0,15638400000000000,7,2,2015-07-01,0
S1F0,2015-12-08,0,184225272,0,0,0,13,253725,0,0,29462400000000000,12,1,2015-12-08,0
S1F0,2015-12-03,0,209742232,0,0,0,7,279224,0,0,29030400000000000,12,3,2015-12-03,0
S1F0,2015-12-01,0,197583400,0,0,0,8,254647,0,0,28857600000000000,12,1,2015-12-01,0
S1F0,2015-12-07,0,30642384,440,0,1,10,282707,0,0,29376000000000000,12,7,2015-12-07,1
S1F0,2015-12-10,0,26804664,0,0,0,14,330330,0,0,29635200000000000,12,3,2015-12-10,0
S1F0,2015-12-01,0,109470832,0,0,0,8,245212,0,21,28857600000000000,12,1,2015-12-01,0
S1F0,2015-12-03,0,82612200,0,0,0,11,280583,0,0,29030400000000000,12,3,2015-12-03,0
S1F0,2015-07-01,0,65859880,0,0,0,8,383457,0,4,15638400000000000,7,2,2015-07-01,0
S1F0,2015-12-03,0,172257112,0,0,0,12,266691,0,0,29030400000000000,12,3,2015-12-03,0
S1F0,2015-07-01,0,188268968,0,0,0,9,382621,0,0,15638400000000000,7,2,2015-07-01,0
S1F0,2015-12-08,0,144806576,0,0,0,12,297767,0,0,29462400000000000,12,1,2015-12-08,0
S1F0,2015-07-01,0,120526024,0,0,0,7,387771,0,0,15638400000000000,7,2,2015-07-01,0
S1F0,2015-07-01,0,190323704,0,0,0,9,381659,0,1,15638400000000000,7,2,2015-07-01,0
S1F0,2015-07-01,0,212326368,0,0,0,7,389197,0,0,15638400000000000,7,2,2015-07-01,0
S1F0,2015-07-01,0,190196032,0,0,0,8,387818,0,0,15638400000000000,7,2,2015-07-01,0
S1F0,2015-12-01,0,163888016,0,0,0,11,247768,0,0,28857600000000000,12,1,2015-12-01,0
S1F0,2015-12-08,0,241191552,464,0,8,11,289933,0,0,29462400000000000,12,1,2015-12-08,0
S1F0,2015-07-01,0,159379088,0,0,0,9,380944,0,0,15638400000000000,7,2,2015-07-01,0
S1F0,2015-12-08,0,141684296,0,2693,0,12,302962,0,2522,29462400000000000,12,1,2015-12-08,0
S1F0,2015-12-03,0,117677304,0,1,0,7,327521,0,241,29030400000000000,12,3,2015-12-03,0
S1F0,2015-12-03,0,16705664,0,0,0,10,194393,0,0,29030400000000000,12,3,2015-12-03,0
S1F0,2015-12-08,0,14372200,0,0,0,8,289409,0,0,29462400000000000,12,1,2015-12-08,0
S1F0,2015-12-10,0,65310008,0,0,0,13,398879,0,8,29635200000000000,12,3,2015-12-10,0
S1F0,2015-12-08,0,127848776,0,0,0,13,248410,0,0,29462400000000000,12,1,2015-12-08,0
S1F0,2015-12-08,0,241767136,0,10,0,13,299139,0,42,29462400000000000,12,1,2015-12-08,0
S1F0,2015-12-03,0,205543576,0,0,0,11,190013,0,0,29030400000000000,12,3,2015-12-03,0
S1F0,2015-12-08,0,64261128,0,0,0,6,298866,0,0,29462400000000000,12,1,2015-12-08,0
S1F0,2015-07-01,0,179373176,0,0,0,5,386734,0,0,15638400000000000,7,2,2015-07-01,0
S1F0,2015-07-01,0,178855400,0,53,0,8,380544,0,6,15638400000000000,7,2,2015-07-01,0
S1F0,2015-07-01,0,162520480,0,0,0,7,381883,0,0,15638400000000000,7,2,2015-07-01,0
S1F0,2015-12-03,0,93470128,112,263,24,10,318359,0,263,29030400000000000,12,3,2015-12-03,0
S1F0,2015-07-01,0,51974040,0,0,6,7,382327,0,8,15638400000000000,7,2,2015-07-01,0
S1F0,2015-12-02,0,91984264,0,0,0,8,313655,0,1,28944000000000000,12,2,2015-12-02,1
S1F0,2015-07-01,0,49629347,61592,0,100,6,381533,32,0,15638400000000000,7,2,2015-07-01,0
S1F0,2015-12-08,0,60689120,0,0,0,8,291555,0,0,29462400000000000,12,1,2015-12-08,0
S1F0,2015-12-03,0,1078072,0,0,0,8,193451,0,6,29030400000000000,12,3,2015-12-03,0
S1F0,2015-12-01,0,118497592,0,0,0,7,247708,0,0,28857600000000000,12,1,2015-12-01,0
S1F0,2015-12-03,0,219626112,0,72,0,12,282639,0,1150,29030400000000000,12,3,2015-12-03,0
S1F0,2015-12-03,0,129939592,0,0,0,12,275533,0,0,29030400000000000,12,3,2015-12-03,0
S1F0,2015-12-03,0,238453880,0,0,0,11,195554,0,0,29030400000000000,12,3,2015-12-03,0
S1F0,2015-12-08,0,141198064,0,0,0,13,293694,0,0,29462400000000000,12,1,2015-12-08,0
S1F0,2015-07-01,0,162347792,0,0,0,9,381853,0,0,15638400000000000,7,2,2015-07-01,0
S1F0,2015-12-03,0,161354392,0,0,0,10,192581,0,0,29030400000000000,12,3,2015-12-03,0
S1F0,2015-12-08,0,117089520,0,0,0,8,298941,0,0,29462400000000000,12,1,2015-12-08,0
S1F0,2015-12-04,0,137672104,0,0,0,9,420381,0,1,29116800000000000,12,4,2015-12-04,0
S1F0,2015-06-01,0,9699344,0,0,0,7,200813,0,0,13046400000000000,6,7,2015-06-01,0
S1F0,2015-12-10,0,45116960,0,0,0,12,255684,0,0,29635200000000000,12,3,2015-12-10,0
S1F0,2015-12-04,0,13231624,8,0,0,7,26,0,0,29116800000000000,12,4,2015-12-04,0
S1F0,2015-06-01,0,110237584,0,0,0,5,202562,0,0,13046400000000000,6,7,2015-06-01,0
S1F0,2015-12-10,0,162571720,0,0,0,8,254377,0,0,29635200000000000,12,3,2015-12-10,0
S1F0,2015-12-10,0,21664096,0,0,0,8,250112,0,0,29635200000000000,12,3,2015-12-10,0
S1F0,2015-12-10,0,206581992,0,0,0,8,251842,0,1,29635200000000000,12,3,2015-12-10,0
S1F1,2015-12-10,0,153994040,0,0,0,7,345999,0,0,29635200000000000,12,3,2015-12-10,0
S1F1,2015-12-08,0,85477936,0,0,0,10,248026,0,6,29462400000000000,12,1,2015-12-08,0
S1F1,2015-12-08,0,176444512,0,0,0,8,247829,0,0,29462400000000000,12,1,2015-12-08,0
S1F1,2015-12-03,0,41732512,0,0,0,11,253010,0,0,29030400000000000,12,3,2015-12-03,0
S1F1,2015-12-08,0,145918632,0,0,0,9,217680,0,0,29462400000000000,12,1,2015-12-08,0
S1F1,2015-12-03,0,144874528,0,0,0,24,259668,0,0,29030400000000000,12,3,2015-12-03,0
S1F1,2015-12-04,0,229206864,0,0,0,10,431588,0,0,29116800000000000,12,4,2015-12-04,0
S1F1,2015-12-08,0,207447648,0,0,0,16,367854,0,0,29462400000000000,12,1,2015-12-08,0
S1F1,2015-12-08,0,178067808,0,0,0,10,249599,0,0,29462400000000000,12,1,2015-12-08,0
S1F1,2015-12-04,0,22601480,0,0,0,9,428570,0,0,29116800000000000,12,4,2015-12-04,0
S1F1,2015-06-01,0,147829592,1080,0,0,7,202697,0,0,13046400000000000,6,7,2015-06-01,1
S1F1,2015-06-01,0,31468152,0,0,0,7,200184,0,0,13046400000000000,6,7,2015-06-01,0
S1F1,2015-12-08,0,73840056,0,0,0,11,246671,0,6,29462400000000000,12,1,2015-12-08,0
S1F1,2015-12-10,0,87658192,0,0,0,8,312362,0,1,29635200000000000,12,3,2015-12-10,0
S1F1,2015-05-01,0,177884536,0,0,0,8,278323,0,0,10368000000000000,5,4,2015-05-01,0
S1F1,2015-12-08,0,205662496,0,0,0,19,370998,0,0,29462400000000000,12,1,2015-12-08,0
S1F1,2015-06-01,0,139641104,0,0,6,7,199142,0,0,13046400000000000,6,7,2015-06-01,0
S1F1,2015-12-08,0,41521576,0,0,0,9,251591,0,0,29462400000000000,12,1,2015-12-08,0
S1F1,2015-12-10,0,27307784,0,0,0,11,467546,0,0,29635200000000000,12,3,2015-12-10,0
S1F1,2015-12-03,0,186737320,0,0,0,24,259344,0,0,29030400000000000,12,3,2015-12-03,0
S1F1,2015-12-08,0,15392792,0,0,0,8,247187,0,0,29462400000000000,12,1,2015-12-08,0
S1F1,2015-12-08,0,13799952,0,0,0,16,372773,0,0,29462400000000000,12,1,2015-12-08,0
S1F1,2015-12-04,0,193723072,0,0,0,7,422544,0,0,29116800000000000,12,4,2015-12-04,0
S1F1,2015-12-10,0,111385496,0,0,0,5,253009,0,0,29635200000000000,12,3,2015-12-10,0
S1F1,2015-12-10,0,233344256,0,0,0,5,314823,0,0,29635200000000000,12,3,2015-12-10,0
S1F1,2015-12-08,0,51336688,0,0,0,6,251027,0,0,29462400000000000,12,1,2015-12-08,0
S1F1,2015-05-01,0,222458224,0,0,0,6,228524,0,0,10368000000000000,5,4,2015-05-01,0
S1F1,2015-12-10,0,32400512,0,0,0,6,256982,0,0,29635200000000000,12,3,2015-12-10,0
S1F1,2015-12-03,0,116863288,0,0,0,12,252841,0,0,29030400000000000,12,3,2015-12-03,0
S1F1,2015-12-10,0,56709904,0,0,0,14,350290,0,0,29635200000000000,12,3,2015-12-10,0
S1F1,2015-12-04,0,86198208,0,0,0,10,425491,0,0,29116800000000000,12,4,2015-12-04,0
S1F1,2015-12-03,0,2282512,0,0,0,11,239143,0,0,29030400000000000,12,3,2015-12-03,0
S1F1,2015-12-03,0,81072472,0,12,0,25,222407,0,0,29030400000000000,12,3,2015-12-03,0
S1F1,2015-12-04,0,134932832,0,0,0,9,427334,0,0,29116800000000000,12,4,2015-12-04,0
S1F1,2015-05-01,0,122009152,0,0,0,9,266749,0,0,10368000000000000,5,4,2015-05-01,0
S1F1,2015-12-03,0,38047632,0,0,0,11,261159,0,0,29030400000000000,12,3,2015-12-03,0
S1F1,2015-12-10,0,243461888,0,0,0,7,314314,0,0,29635200000000000,12,3,2015-12-10,0
S1F1,2015-12-08,0,140787056,0,0,0,9,247357,0,0,29462400000000000,12,1,2015-12-08,0
S1F1,2015-12-08,0,54906288,0,0,0,21,370623,0,0,29462400000000000,12,1,2015-12-08,0
S1F1,2015-12-03,0,184243064,0,0,0,12,218194,0,0,29030400000000000,12,3,2015-12-03,0
S1F1,2015-12-10,0,110504008,0,0,0,7,250572,0,0,29635200000000000,12,3,2015-12-10,0
S1F1,2015-05-01,0,147912872,0,0,0,8,277839,0,0,10368000000000000,5,4,2015-05-01,0
S1F1,2015-12-03,0,36667248,0,0,0,23,254905,0,0,29030400000000000,12,3,2015-12-03,0
S1F1,2015-12-03,0,166114264,0,0,0,11,251855,0,0,29030400000000000,12,3,2015-12-03,0
S1F1,2015-11-05,0,60463720,0,0,0,12,214508,0,0,26611200000000000,11,3,2015-11-05,0
S1F1,2015-12-03,0,131437112,0,0,0,11,240060,0,0,29030400000000000,12,3,2015-12-03,0
S1F1,2015-12-10,0,20797072,0,0,0,8,311580,0,0,29635200000000000,12,3,2015-12-10,0
S1F1,2015-12-03,0,122226832,0,0,0,13,250371,0,0,29030400000000000,12,3,2015-12-03,0
S1F1,2015-12-03,0,23323200,0,0,0,12,252819,0,0,29030400000000000,12,3,2015-12-03,0
S1F1,2015-12-08,0,167925840,0,0,0,11,246555,0,0,29462400000000000,12,1,2015-12-08,0
S1F1,2015-12-08,0,50942408,0,0,0,19,365617,0,0,29462400000000000,12,1,2015-12-08,0
S1F1,2015-12-03,0,93718784,0,0,0,8,245537,0,0,29030400000000000,12,3,2015-12-03,0
S1F1,2015-12-08,0,137807368,0,0,0,16,368222,0,0,29462400000000000,12,1,2015-12-08,0
S1F1,2015-06-01,0,189342864,0,0,10,5,201830,0,0,13046400000000000,6,7,2015-06-01,0
S1F1,2015-12-08,0,208953016,0,0,0,7,228047,0,0,29462400000000000,12,1,2015-12-08,0
S1F1,2015-12-04,0,89357416,0,0,0,9,429906,0,0,29116800000000000,12,4,2015-12-04,0
S1F1,2015-06-01,0,159348880,0,0,0,5,199492,0,0,13046400000000000,6,7,2015-06-01,1
S1F1,2015-06-01,0,157388224,0,0,0,6,203502,0,0,13046400000000000,6,7,2015-06-01,0
S1F1,2015-06-01,0,23888056,0,0,0,7,201419,0,0,13046400000000000,6,7,2015-06-01,0
S1F1,2015-12-10,0,205804808,0,0,0,12,251658,0,0,29635200000000000,12,3,2015-12-10,0
S1F1,2015-06-01,0,239144584,0,0,0,8,203764,0,0,13046400000000000,6,7,2015-06-01,0
S1F1,2015-12-10,0,181939160,0,0,0,11,253994,0,0,29635200000000000,12,3,2015-12-10,0
S1F1,2015-12-08,0,200166032,0,0,0,16,352146,0,0,29462400000000000,12,1,2015-12-08,0
S1F1,2015-06-01,0,196435376,0,0,0,7,204080,0,0,13046400000000000,6,7,2015-06-01,0
S1F1,2015-12-10,0,230601816,0,0,0,9,251587,0,0,29635200000000000,12,3,2015-12-10,0
S1F1,2015-12-10,0,80821664,0,0,0,12,252902,0,1,29635200000000000,12,3,2015-12-10,0
S1F1,2015-12-10,0,80553592,0,0,0,8,310701,0,0,29635200000000000,12,3,2015-12-10,0
S1F1,2015-12-10,0,119311496,0,0,0,12,260634,0,0,29635200000000000,12,3,2015-12-10,0
S1F1,2015-12-10,0,241251160,0,0,0,8,348389,0,1,29635200000000000,12,3,2015-12-10,0
S1F1,2015-12-03,0,180772208,296,0,6,14,239981,0,0,29030400000000000,12,3,2015-12-03,0
S1F1,2015-12-10,0,11597824,2352,0,0,8,248102,0,0,29635200000000000,12,3,2015-12-10,0
S1F1,2015-12-03,0,5944264,0,0,0,10,249048,0,0,29030400000000000,12,3,2015-12-03,0
S1F1,2015-12-03,0,195458288,0,0,0,12,258408,0,0,29030400000000000,12,3,2015-12-03,0
S1F1,2015-06-01,0,156809712,0,0,0,7,201183,0,0,13046400000000000,6,7,2015-06-01,0
S1F1,2015-12-10,0,161800640,0,0,0,8,346349,0,0,29635200000000000,12,3,2015-12-10,0
S1F1,2015-12-03,0,8375416,0,0,0,13,239723,0,0,29030400000000000,12,3,2015-12-03,0
S1F1,2015-12-03,0,210903672,0,0,0,11,257288,0,0,29030400000000000,12,3,2015-12-03,0
S1F1,2015-12-03,0,43479392,0,0,0,11,251106,0,0,29030400000000000,12,3,2015-12-03,0
S1F1,2015-12-10,0,74723904,0,0,0,9,253590,0,0,29635200000000000,12,3,2015-12-10,0
S1F1,2015-12-08,0,155087896,4960,0,0,14,89392,0,0,29462400000000000,12,1,2015-12-08,0
S1F1,2015-12-10,0,223327088,0,0,0,8,311740,0,0,29635200000000000,12,3,2015-12-10,0
S1F1,2015-05-01,0,191647672,0,0,0,11,287781,0,0,10368000000000000,5,4,2015-05-01,0
S1F1,2015-12-03,0,90142688,0,0,0,11,253042,0,0,29030400000000000,12,3,2015-12-03,0
S1F1,2015-12-03,0,183021432,0,0,0,13,254998,0,0,29030400000000000,12,3,2015-12-03,0
S1F1,2015-12-10,0,66129992,0,0,0,8,316122,0,0,29635200000000000,12,3,2015-12-10,0
S1F1,2015-12-03,0,88438776,0,0,0,12,252131,0,2,29030400000000000,12,3,2015-12-03,0
S1F1,2015-12-04,0,2543040,0,0,0,16,329583,0,0,29116800000000000,12,4,2015-12-04,1
S1F1,2015-12-03,0,192728920,0,0,0,24,253043,0,0,29030400000000000,12,3,2015-12-03,0
S1F1,2015-12-04,0,114309648,0,0,0,9,428449,0,0,29116800000000000,12,4,2015-12-04,0
S1F1,2015-12-08,0,193446016,0,100,0,19,369259,0,24,29462400000000000,12,1,2015-12-08,0
S1F1,2015-12-04,0,1643448,0,0,0,11,425176,0,0,29116800000000000,12,4,2015-12-04,0
S1F1,2015-12-03,0,164076376,0,0,0,12,251643,0,0,29030400000000000,12,3,2015-12-03,0
S1F1,2015-12-08,0,44762864,0,0,0,11,245813,0,3,29462400000000000,12,1,2015-12-08,0
S1F1,2015-12-04,0,116310240,0,0,0,10,428372,0,0,29116800000000000,12,4,2015-12-04,0
S1F1,2015-05-01,0,19800872,0,0,0,9,242385,0,0,10368000000000000,5,4,2015-05-01,0
S1F1,2015-06-01,0,196042984,0,0,0,7,199685,0,0,13046400000000000,6,7,2015-06-01,0
S1F1,2015-12-08,0,104960032,0,0,0,16,370028,0,0,29462400000000000,12,1,2015-12-08,0
S1F1,2015-12-10,0,152413144,0,0,0,8,253302,0,0,29635200000000000,12,3,2015-12-10,0
S1F1,2015-12-04,0,187801480,0,0,0,13,428491,0,0,29116800000000000,12,4,2015-12-04,0
S1F1,2015-12-10,0,158254504,0,0,0,9,312293,0,0,29635200000000000,12,3,2015-12-10,0
S1F1,2015-12-07,0,76073208,0,0,0,16,342788,0,0,29376000000000000,12,7,2015-12-07,1
S1F1,2015-12-10,0,70309744,0,0,0,12,256877,0,0,29635200000000000,12,3,2015-12-10,0
S1F1,2015-12-08,0,116700048,0,0,0,14,276865,0,0,29462400000000000,12,1,2015-12-08,0
S1F1,2015-12-10,0,114385384,0,0,0,11,453449,0,0,29635200000000000,12,3,2015-12-10,0
S1F1,2015-12-10,0,202585136,0,0,0,9,251391,0,0,29635200000000000,12,3,2015-12-10,0
S1F1,2015-12-03,0,110787928,0,0,0,24,260208,0,0,29030400000000000,12,3,2015-12-03,0
S1F1,2015-12-03,0,217415776,0,0,0,12,240191,0,0,29030400000000000,12,3,2015-12-03,0
S1F1,2015-12-10,0,38666168,0,0,0,12,257248,0,0,29635200000000000,12,3,2015-12-10,0
S1F1,2015-12-04,0,160173264,0,0,0,9,423127,0,1,29116800000000000,12,4,2015-12-04,0
S1F1,2015-11-05,0,107768920,0,0,0,8,212595,0,0,26611200000000000,11,3,2015-11-05,0
S1F1,2015-12-10,0,228201400,0,0,0,13,257498,0,0,29635200000000000,12,3,2015-12-10,0
S1F1,2015-12-08,0,127015840,0,0,0,9,250977,0,0,29462400000000000,12,1,2015-12-08,0
S1F1,2015-12-03,0,217459376,0,0,0,12,246833,0,0,29030400000000000,12,3,2015-12-03,0
S1F1,2015-12-04,0,39305848,0,0,25,16,335299,0,0,29116800000000000,12,4,2015-12-04,1
S1F1,2015-05-01,0,198018576,0,0,0,9,279586,0,1,10368000000000000,5,4,2015-05-01,0
S1F1,2015-12-03,0,78580064,0,0,0,11,258925,0,0,29030400000000000,12,3,2015-12-03,0
S1F1,2015-12-03,0,76459544,0,0,6,11,217938,0,0,29030400000000000,12,3,2015-12-03,0
S1F1,2015-12-03,0,99006480,0,0,0,24,253637,0,0,29030400000000000,12,3,2015-12-03,0
S1F1,2015-05-01,0,44179712,0,0,0,9,287633,0,0,10368000000000000,5,4,2015-05-01,0
S1F1,2015-11-05,0,112263184,0,0,0,10,216181,0,0,26611200000000000,11,3,2015-11-05,0
S1F1,2015-12-03,0,13166536,0,0,0,24,253617,0,0,29030400000000000,12,3,2015-12-03,0
S1F1,2015-12-10,0,147626904,0,0,0,8,290242,0,1,29635200000000000,12,3,2015-12-10,0
S1F1,2015-12-08,0,80723088,0,0,0,19,353462,0,0,29462400000000000,12,1,2015-12-08,0
S1F1,2015-12-04,0,211868168,6808,0,0,9,222242,0,3,29116800000000000,12,4,2015-12-04,1
S1F1,2015-12-08,0,72172008,0,0,0,10,249841,0,2,29462400000000000,12,1,2015-12-08,0
S1F1,2015-12-10,0,87458384,0,0,0,8,248813,0,0,29635200000000000,12,3,2015-12-10,0
S1F1,2015-12-03,0,104301792,0,0,0,13,249881,0,4,29030400000000000,12,3,2015-12-03,0
S1F1,2015-12-10,0,198316720,0,0,0,8,246716,0,0,29635200000000000,12,3,2015-12-10,0
S1F1,2015-12-08,0,98906968,0,0,0,9,246949,0,0,29462400000000000,12,1,2015-12-08,0
S1F1,2015-12-08,0,41435520,0,0,0,12,247346,0,0,29462400000000000,12,1,2015-12-08,0
S1F1,2015-12-08,0,216441312,0,0,0,13,283183,0,0,29462400000000000,12,1,2015-12-08,0
S1F1,2015-12-08,0,242880456,0,0,0,11,249465,0,0,29462400000000000,12,1,2015-12-08,0
S1F1,2015-12-04,0,20026200,0,0,0,10,423855,0,0,29116800000000000,12,4,2015-12-04,0
S1F1,2015-12-08,0,73414944,0,0,0,9,246912,0,0,29462400000000000,12,1,2015-12-08,0
S1F1,2015-12-03,0,236246992,0,0,0,12,253464,0,0,29030400000000000,12,3,2015-12-03,0
S1F1,2015-12-08,0,205155480,0,0,0,9,248240,0,0,29462400000000000,12,1,2015-12-08,0
S1F1,2015-12-04,0,53184224,3624,0,0,10,385111,0,0,29116800000000000,12,4,2015-12-04,0
S1F1,2015-12-03,0,209710016,0,0,0,25,254247,0,0,29030400000000000,12,3,2015-12-03,0
S1F1,2015-12-10,0,63022040,0,0,0,8,313648,0,0,29635200000000000,12,3,2015-12-10,0
W1F0,2015-12-08,0,138825336,0,0,5,17,319823,0,0,29462400000000000,12,1,2015-12-08,0
W1F0,2015-06-01,0,87340664,0,0,13,7,391612,0,0,13046400000000000,6,7,2015-06-01,0
W1F0,2015-06-01,0,143613696,0,0,6,9,397267,0,30,13046400000000000,6,7,2015-06-01,0
W1F0,2015-12-05,0,241451704,1464,0,0,17,340703,0,5,29203200000000000,12,5,2015-12-05,1
W1F0,2015-06-01,0,40394976,0,8,1,14,320028,0,1080,13046400000000000,6,7,2015-06-01,1
W1F0,2015-06-01,0,232693944,0,279,0,9,405240,0,38,13046400000000000,6,7,2015-06-01,0
W1F0,2015-06-01,0,28484456,0,0,0,4,362781,0,0,13046400000000000,6,7,2015-06-01,0
W1F0,2015-12-10,0,108607880,0,0,2,4,335257,0,4,29635200000000000,12,3,2015-12-10,0
W1F0,2015-12-03,0,5531152,0,0,0,8,333681,0,0,29030400000000000,12,3,2015-12-03,0
W1F0,2015-06-01,0,207041680,0,0,0,2,467746,0,3,13046400000000000,6,7,2015-06-01,0
W1F0,2015-06-01,0,143728488,0,0,0,16,204280,0,1,13046400000000000,6,7,2015-06-01,0
W1F0,2015-12-01,0,130983776,0,0,0,13,249272,0,0,28857600000000000,12,1,2015-12-01,0
W1F0,2015-12-02,0,197649992,0,2,0,25,574593,0,0,28944000000000000,12,2,2015-12-02,1
W1F0,2015-06-01,0,7986312,0,12,6,7,413690,0,269,13046400000000000,6,7,2015-06-01,0
W1F0,2015-06-01,0,160620416,0,377,0,7,395119,0,222,13046400000000000,6,7,2015-06-01,0
W1F0,2015-06-01,0,96547864,0,0,0,4,382396,0,0,13046400000000000,6,7,2015-06-01,0
W1F0,2015-06-01,0,206170976,49840,0,1033,10,391891,112,0,13046400000000000,6,7,2015-06-01,0
W1F0,2015-07-01,0,113105192,0,0,0,25,664245,0,0,15638400000000000,7,2,2015-07-01,0
W1F0,2015-06-01,0,139591560,0,0,0,7,401986,0,3,13046400000000000,6,7,2015-06-01,0
W1F0,2015-12-10,0,98087648,0,0,0,8,545072,0,0,29635200000000000,12,3,2015-12-10,0
W1F0,2015-06-01,0,181472384,0,0,0,6,375999,0,0,13046400000000000,6,7,2015-06-01,0
W1F0,2015-06-01,0,27285168,0,0,0,7,406122,0,1,13046400000000000,6,7,2015-06-01,0
W1F0,2015-06-01,0,4281648,0,0,6,7,386604,0,0,13046400000000000,6,7,2015-06-01,0
W1F0,2015-06-01,0,216780664,992,11,2,4,360983,0,70,13046400000000000,6,7,2015-06-01,0
W1F0,2015-06-01,0,124197928,0,0,0,7,396828,0,0,13046400000000000,6,7,2015-06-01,0
W1F0,2015-06-01,0,72082144,0,1,5,3,403024,0,0,13046400000000000,6,7,2015-06-01,0
W1F0,2015-06-01,0,193458752,0,0,0,7,394480,0,4,13046400000000000,6,7,2015-06-01,0
W1F0,2015-06-01,0,94062024,0,0,7,7,403169,0,0,13046400000000000,6,7,2015-06-01,0
W1F0,2015-05-01,0,35731376,0,0,6,4,328604,8,1,10368000000000000,5,4,2015-05-01,0
W1F0,2015-12-10,0,68417472,0,0,0,6,418799,0,0,29635200000000000,12,3,2015-12-10,0
W1F0,2015-05-01,0,108207664,120,0,0,4,343687,0,0,10368000000000000,5,4,2015-05-01,0
W1F0,2015-12-03,0,179346696,0,0,0,10,265154,0,1,29030400000000000,12,3,2015-12-03,0
W1F0,2015-12-01,0,114799880,0,0,0,12,238884,0,0,28857600000000000,12,1,2015-12-01,1
W1F0,2015-12-10,0,21200600,0,0,0,11,347090,0,0,29635200000000000,12,3,2015-12-10,0
W1F0,2015-12-05,0,125383496,0,1,0,14,204589,0,0,29203200000000000,12,5,2015-12-05,1
W1F0,2015-12-10,0,82327952,0,0,0,11,271057,8,23,29635200000000000,12,3,2015-12-10,0
W1F0,2015-12-01,0,71049952,0,0,17,64,195593,0,2,28857600000000000,12,1,2015-12-01,1
W1F0,2015-12-10,0,223388752,0,1,6,14,339683,0,1,29635200000000000,12,3,2015-12-10,0
W1F0,2015-12-08,0,161008000,0,4,0,98,250774,0,20,29462400000000000,12,1,2015-12-08,0
W1F0,2015-12-10,0,234386968,0,0,0,14,345785,0,0,29635200000000000,12,3,2015-12-10,0
W1F0,2015-06-01,0,58938344,0,0,0,5,196581,0,1,13046400000000000,6,7,2015-06-01,0
W1F0,2015-12-03,0,233492928,0,0,0,23,210184,0,0,29030400000000000,12,3,2015-12-03,0
W1F0,2015-12-10,0,185311744,0,0,0,12,343285,8,2,29635200000000000,12,3,2015-12-10,0
W1F0,2015-12-06,0,69887440,0,0,12,10,267468,0,0,29289600000000000,12,6,2015-12-06,1
W1F0,2015-06-01,0,123141480,0,0,0,21,170211,0,0,13046400000000000,6,7,2015-06-01,0
W1F0,2015-12-08,0,5634536,0,8,0,58,251092,0,2,29462400000000000,12,1,2015-12-08,0
W1F0,2015-05-01,0,110615704,0,0,0,5,211485,8,0,10368000000000000,5,4,2015-05-01,0
W1F0,2015-12-08,0,18189176,0,0,0,63,250136,0,1,29462400000000000,12,1,2015-12-08,0
W1F0,2015-12-08,0,50061176,0,0,0,59,250374,0,1,29462400000000000,12,1,2015-12-08,0
W1F0,2015-12-08,0,50464064,0,0,0,8,332124,0,0,29462400000000000,12,1,2015-12-08,0
W1F0,2015-06-01,0,179676704,0,0,0,22,196313,0,0,13046400000000000,6,7,2015-06-01,0
W1F0,2015-06-01,0,220594272,0,0,0,16,203797,0,4,13046400000000000,6,7,2015-06-01,0
W1F0,2015-12-03,0,165699584,0,0,0,36,298668,0,0,29030400000000000,12,3,2015-12-03,0
W1F0,2015-12-03,0,40388456,0,0,0,13,311766,0,0,29030400000000000,12,3,2015-12-03,0
W1F0,2015-12-08,0,210141600,0,0,0,17,232678,0,0,29462400000000000,12,1,2015-12-08,0
W1F0,2015-12-08,0,76292976,0,62,0,95,252090,0,145,29462400000000000,12,1,2015-12-08,0
W1F0,2015-12-08,0,102624768,0,0,0,9,298226,0,0,29462400000000000,12,1,2015-12-08,0
W1F0,2015-06-01,0,192578704,0,0,0,9,203753,0,2,13046400000000000,6,7,2015-06-01,0
W1F0,2015-06-01,0,130360864,0,0,0,8,192981,0,0,13046400000000000,6,7,2015-06-01,0
W1F0,2015-05-01,0,160935472,72,0,6,6,209825,8,2,10368000000000000,5,4,2015-05-01,0
W1F0,2015-12-08,0,118650360,0,0,0,9,323475,0,0,29462400000000000,12,1,2015-12-08,0
W1F0,2015-12-03,0,48865944,0,0,0,10,314624,0,0,29030400000000000,12,3,2015-12-03,0
W1F0,2015-12-10,0,128732816,0,4,0,10,342349,0,0,29635200000000000,12,3,2015-12-10,0
W1F0,2015-12-03,0,126527016,0,0,0,11,316020,0,0,29030400000000000,12,3,2015-12-03,0
W1F0,2015-12-10,0,207875264,160,0,0,9,340674,0,0,29635200000000000,12,3,2015-12-10,0
W1F0,2015-12-10,0,166115152,0,0,0,7,342182,0,0,29635200000000000,12,3,2015-12-10,0
W1F0,2015-12-03,0,34889760,0,0,0,11,316375,0,0,29030400000000000,12,3,2015-12-03,0
W1F0,2015-12-08,0,56428120,0,0,0,8,320830,0,1,29462400000000000,12,1,2015-12-08,0
W1F0,2015-12-08,0,149190720,0,0,0,7,341917,0,1,29462400000000000,12,1,2015-12-08,0
W1F0,2015-12-04,0,38895224,0,0,0,6,310063,0,0,29116800000000000,12,4,2015-12-04,1
W1F0,2015-06-01,0,115981576,0,0,0,8,192754,0,0,13046400000000000,6,7,2015-06-01,0
W1F0,2015-05-01,0,230953600,0,0,0,6,211788,0,0,10368000000000000,5,4,2015-05-01,0
W1F0,2015-06-01,0,108907848,0,0,0,17,219851,0,0,13046400000000000,6,7,2015-06-01,0
W1F0,2015-12-02,0,76226216,0,0,0,9,212707,0,1,28944000000000000,12,2,2015-12-02,0
W1F0,2015-12-08,0,169942272,0,0,0,13,207510,0,0,29462400000000000,12,1,2015-12-08,0
W1F0,2015-12-10,0,59328472,0,1,0,12,552142,0,3,29635200000000000,12,3,2015-12-10,0
W1F0,2015-05-01,0,223895744,360,0,0,6,205557,0,1,10368000000000000,5,4,2015-05-01,0
W1F0,2015-05-01,0,217360088,0,0,0,7,210846,0,1,10368000000000000,5,4,2015-05-01,0
W1F0,2015-12-08,0,226948264,0,0,0,68,251198,0,0,29462400000000000,12,1,2015-12-08,0
W1F0,2015-12-03,0,213363920,0,0,0,11,315852,0,4,29030400000000000,12,3,2015-12-03,0
W1F0,2015-05-01,0,187955920,0,0,0,7,211497,0,0,10368000000000000,5,4,2015-05-01,0
W1F0,2015-12-08,0,93632480,0,0,0,8,337951,0,10,29462400000000000,12,1,2015-12-08,0
W1F0,2015-12-03,0,212249256,0,0,0,32,309242,0,3,29030400000000000,12,3,2015-12-03,0
W1F0,2015-12-08,0,56219176,0,0,0,61,247861,0,0,29462400000000000,12,1,2015-12-08,0
W1F0,2015-12-10,0,77072560,0,0,6,6,237755,0,0,29635200000000000,12,3,2015-12-10,0
W1F0,2015-12-03,0,234105392,0,0,12,35,306691,0,1,29030400000000000,12,3,2015-12-03,0
W1F0,2015-06-01,0,143492448,0,0,0,5,191948,0,0,13046400000000000,6,7,2015-06-01,0
W1F0,2015-12-08,0,115683496,0,0,0,8,330653,0,0,29462400000000000,12,1,2015-12-08,0
W1F0,2015-12-03,0,29982608,0,0,0,6,216375,0,0,29030400000000000,12,3,2015-12-03,0
W1F0,2015-05-01,0,205235136,0,0,0,6,211499,0,0,10368000000000000,5,4,2015-05-01,0
W1F0,2015-12-02,0,117439344,0,0,0,5,259640,0,0,28944000000000000,12,2,2015-12-02,0
W1F0,2015-06-01,0,46680216,0,0,6,9,191412,0,0,13046400000000000,6,7,2015-06-01,0
W1F0,2015-12-10,0,142070416,0,0,0,14,535426,0,0,29635200000000000,12,3,2015-12-10,0
W1F0,2015-12-10,0,179786040,0,1,6,10,553412,0,33,29635200000000000,12,3,2015-12-10,0
W1F0,2015-12-10,0,74959320,0,0,0,12,553116,0,0,29635200000000000,12,3,2015-12-10,0
W1F0,2015-12-04,0,16726304,0,0,1,7,265723,0,0,29116800000000000,12,4,2015-12-04,1
W1F0,2015-12-03,0,114539504,0,0,0,14,316302,0,0,29030400000000000,12,3,2015-12-03,0
W1F0,2015-12-03,0,94004112,0,0,0,9,222932,0,0,29030400000000000,12,3,2015-12-03,0
W1F0,2015-12-05,0,138106992,0,0,0,8,325393,0,7,29203200000000000,12,5,2015-12-05,1
W1F0,2015-06-01,0,157132016,0,25,0,4,451804,0,400,13046400000000000,6,7,2015-06-01,0
W1F0,2015-12-08,0,110919632,0,0,0,8,226197,0,0,29462400000000000,12,1,2015-12-08,0
W1F0,2015-06-01,0,169586288,0,0,0,8,187214,0,0,13046400000000000,6,7,2015-06-01,0
W1F0,2015-12-02,0,114106776,0,0,6,11,273728,0,2,28944000000000000,12,2,2015-12-02,0
W1F0,2015-06-01,0,39357384,0,0,0,16,221688,0,0,13046400000000000,6,7,2015-06-01,0
W1F0,2015-12-10,0,209380720,0,0,0,7,390697,0,1,29635200000000000,12,3,2015-12-10,0
W1F0,2015-06-01,0,40777832,0,0,0,11,193721,0,0,13046400000000000,6,7,2015-06-01,0
W1F0,2015-06-01,0,148010792,792,0,8,6,188746,0,0,13046400000000000,6,7,2015-06-01,0
W1F0,2015-12-03,0,156800448,0,0,6,11,310209,0,0,29030400000000000,12,3,2015-12-03,0
W1F0,2015-06-01,0,89388776,0,0,15,10,131742,0,0,13046400000000000,6,7,2015-06-01,0
W1F0,2015-12-03,0,138363328,0,0,0,36,302264,0,2,29030400000000000,12,3,2015-12-03,0
W1F0,2015-12-01,0,231117440,0,0,0,34,264071,0,0,28857600000000000,12,1,2015-12-01,1
W1F0,2015-12-01,0,27727272,0,0,7,36,261447,0,0,28857600000000000,12,1,2015-12-01,1
W1F0,2015-12-03,0,147282256,0,0,0,38,269645,0,0,29030400000000000,12,3,2015-12-03,0
W1F0,2015-12-03,0,184093232,0,0,2,34,264732,0,0,29030400000000000,12,3,2015-12-03,0
W1F0,2015-06-01,0,125350312,0,0,0,20,195955,0,0,13046400000000000,6,7,2015-06-01,0
W1F0,2015-12-03,0,18271176,0,0,0,12,313848,0,0,29030400000000000,12,3,2015-12-03,0
W1F0,2015-06-01,0,142119800,0,0,0,14,195617,0,0,13046400000000000,6,7,2015-06-01,0
W1F0,2015-12-03,0,120572944,0,0,0,36,307170,0,4,29030400000000000,12,3,2015-12-03,0
W1F0,2015-12-03,0,142038384,0,0,0,12,300695,0,1,29030400000000000,12,3,2015-12-03,0
W1F0,2015-12-03,0,10292664,0,0,0,33,303490,0,0,29030400000000000,12,3,2015-12-03,0
W1F0,2015-12-03,0,53805520,0,0,0,10,312080,0,0,29030400000000000,12,3,2015-12-03,0
W1F0,2015-12-03,0,167063600,0,35,0,37,307110,0,3,29030400000000000,12,3,2015-12-03,0
W1F0,2015-12-06,0,89478344,0,0,0,16,336251,0,0,29289600000000000,12,6,2015-12-06,1
W1F0,2015-09-01,1,136429411,64784,0,406,30,224801,8,0,20995200000000000,9,1,2015-09-01,0
W1F0,2015-12-03,0,178217392,0,0,21,41,235283,0,10,29030400000000000,12,3,2015-12-03,1
W1F0,2015-12-03,0,92469160,0,0,0,5,242483,0,0,29030400000000000,12,3,2015-12-03,0
W1F0,2015-06-01,0,234365744,0,0,0,6,173265,0,0,13046400000000000,6,7,2015-06-01,0
W1F0,2015-05-01,0,33774192,0,0,31,8,197509,0,0,10368000000000000,5,4,2015-05-01,0
W1F0,2015-12-03,0,115740936,0,0,0,32,307909,0,2,29030400000000000,12,3,2015-12-03,0
W1F0,2015-12-03,0,217299896,0,0,0,12,314931,0,0,29030400000000000,12,3,2015-12-03,0
W1F0,2015-06-01,0,239102512,0,0,0,14,197343,0,0,13046400000000000,6,7,2015-06-01,0
W1F0,2015-06-01,0,55234496,0,0,0,20,197396,0,0,13046400000000000,6,7,2015-06-01,0
W1F0,2015-12-03,0,93258112,0,0,0,37,302364,0,0,29030400000000000,12,3,2015-12-03,0
W1F0,2015-12-03,0,99221576,0,0,0,6,308601,0,0,29030400000000000,12,3,2015-12-03,0
W1F0,2015-12-03,0,149729912,5192,0,0,10,194256,0,0,29030400000000000,12,3,2015-12-03,0
W1F0,2015-12-01,0,227425888,0,0,0,36,263524,0,0,28857600000000000,12,1,2015-12-01,1
W1F0,2015-12-10,0,175460864,0,0,0,11,345001,0,0,29635200000000000,12,3,2015-12-10,0
W1F0,2015-12-03,0,131265328,0,1,0,33,305138,0,1,29030400000000000,12,3,2015-12-03,0
W1F0,2015-12-03,0,34570352,0,0,0,11,316882,0,0,29030400000000000,12,3,2015-12-03,0
W1F0,2015-12-03,0,67466800,0,0,0,33,305284,0,2,29030400000000000,12,3,2015-12-03,0
W1F0,2015-06-01,0,76629616,0,0,0,13,204488,0,0,13046400000000000,6,7,2015-06-01,0
W1F0,2015-06-01,0,226487176,0,0,26,14,196481,0,0,13046400000000000,6,7,2015-06-01,0
W1F0,2015-12-03,0,37798560,0,0,0,13,246608,0,0,29030400000000000,12,3,2015-12-03,0
W1F0,2015-06-01,0,228938680,0,0,6,17,222280,0,0,13046400000000000,6,7,2015-06-01,0
W1F0,2015-12-01,0,125361016,1240,0,0,10,301461,0,0,28857600000000000,12,1,2015-12-01,1
W1F0,2015-12-01,0,16972672,656,0,10,36,253861,0,0,28857600000000000,12,1,2015-12-01,1
W1F0,2015-12-10,0,220086520,0,0,0,9,343754,16,0,29635200000000000,12,3,2015-12-10,1
W1F0,2015-12-03,0,29543752,0,0,0,31,302192,0,1,29030400000000000,12,3,2015-12-03,0
W1F0,2015-12-03,0,195111400,0,0,0,8,318344,0,0,29030400000000000,12,3,2015-12-03,0
W1F0,2015-12-03,0,224149136,0,0,0,9,316846,0,2,29030400000000000,12,3,2015-12-03,0
W1F0,2015-12-03,0,149363000,0,0,0,7,192870,0,0,29030400000000000,12,3,2015-12-03,0
W1F0,2015-12-03,0,30959864,0,0,50,31,305426,0,0,29030400000000000,12,3,2015-12-03,0
W1F0,2015-12-03,0,174679712,0,0,0,11,319580,0,0,29030400000000000,12,3,2015-12-03,0
W1F0,2015-12-03,0,179691960,0,0,0,38,306386,0,3,29030400000000000,12,3,2015-12-03,0
W1F0,2015-12-01,0,244081384,512,0,0,37,260892,0,0,28857600000000000,12,1,2015-12-01,1
W1F0,2015-12-03,0,123917168,0,0,0,34,307990,0,0,29030400000000000,12,3,2015-12-03,0
W1F0,2015-12-03,0,58309760,0,0,6,32,249726,0,0,29030400000000000,12,3,2015-12-03,0
W1F0,2015-12-09,0,57192360,0,0,0,16,380418,0,0,29548800000000000,12,2,2015-12-09,0
W1F0,2015-12-03,0,14327616,0,0,0,12,311314,0,0,29030400000000000,12,3,2015-12-03,0
W1F0,2015-12-02,0,187091536,0,0,0,5,259444,0,0,28944000000000000,12,2,2015-12-02,0
W1F0,2015-06-01,0,204798560,0,0,0,21,195471,0,0,13046400000000000,6,7,2015-06-01,0
W1F0,2015-12-08,0,191007536,0,0,0,90,251142,0,0,29462400000000000,12,1,2015-12-08,0
W1F0,2015-06-01,0,202687224,0,0,0,9,200417,0,0,13046400000000000,6,7,2015-06-01,0
W1F0,2015-12-03,0,213157976,0,0,0,7,283883,0,120,29030400000000000,12,3,2015-12-03,0
W1F0,2015-06-01,0,199619536,0,0,0,10,194789,0,0,13046400000000000,6,7,2015-06-01,0
W1F0,2015-12-08,0,124800168,0,0,0,10,274791,0,0,29462400000000000,12,1,2015-12-08,0
W1F0,2015-06-01,0,130906352,0,0,0,19,204823,0,0,13046400000000000,6,7,2015-06-01,0
W1F0,2015-12-03,0,205365704,0,56,0,12,318445,0,0,29030400000000000,12,3,2015-12-03,0
W1F0,2015-12-03,0,214723224,0,0,0,5,312602,0,4,29030400000000000,12,3,2015-12-03,0
W1F0,2015-12-03,0,166903632,0,0,0,9,314664,0,2,29030400000000000,12,3,2015-12-03,0
W1F0,2015-12-01,0,201234600,0,0,0,36,261307,0,0,28857600000000000,12,1,2015-12-01,1
W1F0,2015-06-01,0,188083312,0,0,0,15,198598,0,0,13046400000000000,6,7,2015-06-01,0
W1F0,2015-06-01,0,220386024,0,11,0,13,205013,0,6,13046400000000000,6,7,2015-06-01,0
W1F0,2015-12-03,0,210704920,0,0,0,12,316878,0,0,29030400000000000,12,3,2015-12-03,0
W1F0,2015-12-03,0,230175168,0,0,0,13,223406,0,1,29030400000000000,12,3,2015-12-03,0
W1F0,2015-06-01,0,167493136,0,0,0,12,191837,0,0,13046400000000000,6,7,2015-06-01,0
W1F0,2015-06-01,0,73869880,0,5,0,9,187991,0,0,13046400000000000,6,7,2015-06-01,0
W1F0,2015-12-03,0,170779328,10232,0,7,10,187787,0,0,29030400000000000,12,3,2015-12-03,0
W1F0,2015-12-03,0,121844512,0,0,0,7,245635,0,0,29030400000000000,12,3,2015-12-03,0
W1F0,2015-12-03,0,894952,0,0,0,7,241090,0,2,29030400000000000,12,3,2015-12-03,0
W1F0,2015-12-01,0,201536848,0,0,0,12,253887,0,0,28857600000000000,12,1,2015-12-01,0
W1F0,2015-06-01,0,184023936,0,0,0,7,197349,0,0,13046400000000000,6,7,2015-06-01,0
W1F0,2015-12-08,0,84292304,0,0,0,16,369882,0,0,29462400000000000,12,1,2015-12-08,0
W1F0,2015-12-03,0,141068640,0,0,0,11,192032,0,0,29030400000000000,12,3,2015-12-03,0
W1F0,2015-12-08,0,62294656,0,0,0,9,217843,0,0,29462400000000000,12,1,2015-12-08,0
W1F0,2015-07-01,0,71941128,0,0,2,10,361249,0,9,15638400000000000,7,2,2015-07-01,0
W1F0,2015-11-05,0,110452304,0,0,0,9,178853,0,0,26611200000000000,11,3,2015-11-05,0
W1F0,2015-12-03,0,165478328,0,0,0,8,327126,0,0,29030400000000000,12,3,2015-12-03,0
W1F0,2015-12-01,0,108245560,0,0,0,13,247735,0,0,28857600000000000,12,1,2015-12-01,0
W1F0,2015-11-05,0,18620352,0,0,0,6,217237,0,0,26611200000000000,11,3,2015-11-05,0
W1F0,2015-07-01,0,123848504,160,0,0,6,384674,0,0,15638400000000000,7,2,2015-07-01,0
W1F0,2015-12-08,0,125903640,0,0,0,8,289737,0,0,29462400000000000,12,1,2015-12-08,0
W1F0,2015-06-01,0,109486200,1104,0,38,13,187807,0,0,13046400000000000,6,7,2015-06-01,0
W1F0,2015-12-03,0,197621432,0,0,1,6,243933,0,3,29030400000000000,12,3,2015-12-03,0
W1F0,2015-12-03,0,11209120,0,0,6,6,243804,0,0,29030400000000000,12,3,2015-12-03,0
W1F0,2015-06-01,0,117287488,0,0,0,10,204422,0,0,13046400000000000,6,7,2015-06-01,0
W1F0,2015-12-03,0,48888680,0,0,0,7,194190,0,4,29030400000000000,12,3,2015-12-03,0
W1F0,2015-06-01,0,143766376,1552,0,0,12,188090,0,0,13046400000000000,6,7,2015-06-01,0
W1F0,2015-12-01,0,141744968,0,0,0,12,248181,0,0,28857600000000000,12,1,2015-12-01,0
W1F0,2015-12-05,0,55412568,0,2,0,12,265460,0,41,29203200000000000,12,5,2015-12-05,1
W1F0,2015-03-01,0,142903640,0,0,0,9,217819,0,1,5097600000000000,3,6,2015-03-01,0
W1F0,2015-12-03,0,165482128,7640,0,0,13,207603,0,0,29030400000000000,12,3,2015-12-03,0
W1F0,2015-12-02,0,74324104,0,0,0,6,263862,0,0,28944000000000000,12,2,2015-12-02,0
W1F0,2015-12-08,0,50095968,0,0,0,10,328673,0,0,29462400000000000,12,1,2015-12-08,0
W1F0,2015-06-01,0,36607424,0,0,0,6,199732,0,0,13046400000000000,6,7,2015-06-01,0
W1F0,2015-12-02,0,228491376,0,34,0,6,262901,0,8,28944000000000000,12,2,2015-12-02,0
W1F0,2015-12-02,0,177950344,0,0,0,12,270115,0,0,28944000000000000,12,2,2015-12-02,0
W1F0,2015-06-01,0,59863264,0,0,0,6,197981,0,0,13046400000000000,6,7,2015-06-01,0
W1F0,2015-12-03,0,172053760,0,0,0,7,191519,0,0,29030400000000000,12,3,2015-12-03,0
W1F0,2015-06-01,0,235007096,0,0,0,10,221047,0,7,13046400000000000,6,7,2015-06-01,0
W1F0,2015-06-01,0,172255344,0,0,0,13,192198,0,0,13046400000000000,6,7,2015-06-01,0
W1F0,2015-12-08,0,6841456,0,0,0,11,245889,0,0,29462400000000000,12,1,2015-12-08,0
W1F0,2015-12-02,0,17167328,0,0,0,6,271165,0,0,28944000000000000,12,2,2015-12-02,0
W1F0,2015-12-02,0,50822864,0,0,0,11,236736,0,0,28944000000000000,12,2,2015-12-02,0
W1F0,2015-06-01,0,236012592,0,0,0,7,192126,0,1,13046400000000000,6,7,2015-06-01,0
W1F0,2015-12-03,0,162743128,0,0,0,6,248465,0,0,29030400000000000,12,3,2015-12-03,0
W1F0,2015-12-03,0,180200776,0,0,0,6,247271,0,1,29030400000000000,12,3,2015-12-03,0
W1F0,2015-06-01,0,174478176,0,0,0,8,205082,0,0,13046400000000000,6,7,2015-06-01,0
W1F0,2015-06-01,0,215718536,0,0,0,9,200640,0,0,13046400000000000,6,7,2015-06-01,0
W1F0,2015-12-03,0,236301424,0,0,0,12,247210,0,0,29030400000000000,12,3,2015-12-03,0
W1F0,2015-06-01,0,55415160,440,0,0,6,202884,0,1,13046400000000000,6,7,2015-06-01,0
W1F0,2015-06-01,0,58306960,4072,0,0,13,190451,0,0,13046400000000000,6,7,2015-06-01,0
W1F0,2015-12-01,0,19199648,0,0,0,12,232577,0,0,28857600000000000,12,1,2015-12-01,0
W1F0,2015-12-01,0,50789616,0,0,0,7,234153,0,0,28857600000000000,12,1,2015-12-01,1
W1F0,2015-12-03,0,131088672,4512,0,16,11,135967,0,0,29030400000000000,12,3,2015-12-03,0
W1F0,2015-12-01,0,220281536,0,0,0,13,254325,0,0,28857600000000000,12,1,2015-12-01,0
W1F0,2015-12-03,0,123370312,0,0,0,13,317830,0,0,29030400000000000,12,3,2015-12-03,0
W1F0,2015-12-05,0,59018645,10200,1,1666,14,259420,0,7,29203200000000000,12,5,2015-12-05,1
W1F0,2015-06-01,0,175723456,0,0,0,15,219312,0,0,13046400000000000,6,7,2015-06-01,0
W1F0,2015-06-01,0,87115488,0,0,0,5,193980,0,0,13046400000000000,6,7,2015-06-01,0
W1F0,2015-06-01,0,210765608,0,0,0,6,202081,0,1,13046400000000000,6,7,2015-06-01,0
W1F0,2015-06-01,0,148237232,0,0,0,7,188797,0,1,13046400000000000,6,7,2015-06-01,0
W1F0,2015-12-03,0,210513344,0,0,0,13,246291,0,0,29030400000000000,12,3,2015-12-03,0
W1F0,2015-06-01,0,112118736,0,0,0,11,192682,0,1,13046400000000000,6,7,2015-06-01,0
W1F0,2015-11-05,0,188352152,0,0,0,11,178445,0,0,26611200000000000,11,3,2015-11-05,0
W1F0,2015-07-01,0,170202672,0,0,0,6,385764,0,0,15638400000000000,7,2,2015-07-01,0
W1F0,2015-12-03,0,228177840,0,0,0,11,248617,0,0,29030400000000000,12,3,2015-12-03,0
W1F0,2015-06-01,0,50116056,0,0,0,5,193599,0,0,13046400000000000,6,7,2015-06-01,0
W1F0,2015-12-03,0,188997264,0,0,0,12,241841,0,0,29030400000000000,12,3,2015-12-03,0
W1F0,2015-06-01,0,41734048,0,0,0,16,219664,0,0,13046400000000000,6,7,2015-06-01,0
W1F0,2015-06-01,0,191329384,0,0,0,9,220146,0,0,13046400000000000,6,7,2015-06-01,0
W1F0,2015-12-02,0,27595424,0,0,0,6,267825,0,0,28944000000000000,12,2,2015-12-02,0
W1F0,2015-06-01,0,143238440,0,0,0,10,192542,0,0,13046400000000000,6,7,2015-06-01,0
W1F0,2015-12-03,0,145614256,0,0,0,9,196805,0,0,29030400000000000,12,3,2015-12-03,0
W1F0,2015-12-03,0,184233208,0,0,0,11,244814,0,0,29030400000000000,12,3,2015-12-03,0
W1F0,2015-06-01,0,63820728,0,0,0,7,201702,0,5,13046400000000000,6,7,2015-06-01,0
W1F0,2015-12-02,0,149589264,0,0,0,11,236567,0,0,28944000000000000,12,2,2015-12-02,0
W1F0,2015-12-03,0,197414384,0,0,0,7,244389,0,0,29030400000000000,12,3,2015-12-03,0
W1F0,2015-06-01,0,171148672,0,0,0,13,188064,0,0,13046400000000000,6,7,2015-06-01,0
W1F0,2015-06-01,0,53063504,0,0,0,15,219588,0,0,13046400000000000,6,7,2015-06-01,0
W1F0,2015-12-03,0,183246672,0,0,0,13,244437,0,0,29030400000000000,12,3,2015-12-03,0
W1F0,2015-11-05,0,136687008,0,0,0,10,203859,0,0,26611200000000000,11,3,2015-11-05,0
W1F0,2015-12-03,0,70212208,0,0,0,12,246436,0,0,29030400000000000,12,3,2015-12-03,0
W1F0,2015-12-10,0,15495048,1752,0,0,7,36,0,0,29635200000000000,12,3,2015-12-10,0
W1F0,2015-06-01,0,226343040,0,0,0,4,187795,0,3,13046400000000000,6,7,2015-06-01,0
W1F0,2015-11-05,0,232960528,0,0,0,6,197271,0,0,26611200000000000,11,3,2015-11-05,0
W1F0,2015-12-10,0,41782720,0,0,0,7,59258,0,0,29635200000000000,12,3,2015-12-10,0
W1F0,2015-05-01,0,113412128,0,0,0,8,24,0,0,10368000000000000,5,4,2015-05-01,0
W1F0,2015-12-03,0,77645144,0,0,0,23,47,0,0,29030400000000000,12,3,2015-12-03,0
W1F0,2015-12-01,0,6714616,0,0,0,12,229809,0,0,28857600000000000,12,1,2015-12-01,1
W1F0,2015-12-03,0,168065248,0,0,0,12,284270,0,0,29030400000000000,12,3,2015-12-03,0
W1F0,2015-12-08,0,200456896,0,0,0,8,253321,0,0,29462400000000000,12,1,2015-12-08,0
W1F0,2015-12-10,0,71406408,0,0,1,15,316228,8,0,29635200000000000,12,3,2015-12-10,0
W1F0,2015-12-05,0,61106656,0,0,1,8,139592,0,0,29203200000000000,12,5,2015-12-05,1
W1F0,2015-07-01,0,5702496,0,0,0,7,383675,0,0,15638400000000000,7,2,2015-07-01,0
W1F0,2015-12-03,0,124599496,0,0,0,7,187009,0,1,29030400000000000,12,3,2015-12-03,0
W1F0,2015-07-01,0,120570664,0,0,0,9,386239,0,2,15638400000000000,7,2,2015-07-01,0
W1F0,2015-12-03,0,66111272,0,0,0,8,254013,0,0,29030400000000000,12,3,2015-12-03,1
W1F0,2015-12-03,0,173197568,0,0,0,8,192925,0,3,29030400000000000,12,3,2015-12-03,0
W1F0,2015-07-01,0,23437328,0,21,0,10,388414,0,4,15638400000000000,7,2,2015-07-01,0
W1F0,2015-07-01,0,185269928,0,0,1,7,375196,6,0,15638400000000000,7,2,2015-07-01,0
W1F0,2015-12-03,0,46828936,0,0,0,8,316572,0,248,29030400000000000,12,3,2015-12-03,0
W1F0,2015-12-01,0,199219176,0,0,0,8,245204,0,0,28857600000000000,12,1,2015-12-01,0
W1F0,2015-07-01,0,188259592,0,0,0,10,387940,0,0,15638400000000000,7,2,2015-07-01,0
W1F0,2015-12-05,0,187336944,0,0,0,7,304182,0,0,29203200000000000,12,5,2015-12-05,0
W1F0,2015-12-01,0,178751480,0,0,0,9,246204,0,0,28857600000000000,12,1,2015-12-01,0
W1F0,2015-12-03,0,242109840,0,0,0,9,193237,0,0,29030400000000000,12,3,2015-12-03,0
W1F0,2015-06-01,0,70855320,0,0,0,7,200207,0,0,13046400000000000,6,7,2015-06-01,0
W1F0,2015-12-04,0,135839944,0,0,0,8,404966,0,0,29116800000000000,12,4,2015-12-04,0
W1F0,2015-12-10,0,15282112,0,0,0,8,253088,0,0,29635200000000000,12,3,2015-12-10,0
W1F0,2015-12-10,0,67790312,0,0,6,8,257539,0,0,29635200000000000,12,3,2015-12-10,0
W1F0,2015-12-08,0,231680968,0,0,0,16,366168,0,0,29462400000000000,12,1,2015-12-08,0
W1F1,2015-12-10,0,72538760,0,0,0,9,256675,0,1,29635200000000000,12,3,2015-12-10,0
W1F1,2015-12-04,0,29827904,0,0,0,10,428548,0,0,29116800000000000,12,4,2015-12-04,0
W1F1,2015-12-10,0,227816032,0,0,0,8,255447,0,0,29635200000000000,12,3,2015-12-10,0
W1F1,2015-12-04,0,87792352,0,0,0,12,427477,0,0,29116800000000000,12,4,2015-12-04,0
W1F1,2015-12-04,0,10750816,0,0,0,9,429642,0,0,29116800000000000,12,4,2015-12-04,0
W1F1,2015-05-01,0,33663728,0,0,0,6,289067,0,0,10368000000000000,5,4,2015-05-01,0
W1F1,2015-12-04,0,95011272,0,0,0,9,427533,0,0,29116800000000000,12,4,2015-12-04,0
W1F1,2015-12-08,0,125248592,392,9,487,3,344546,0,1,29462400000000000,12,1,2015-12-08,1
W1F1,2015-12-01,0,176293392,0,0,0,14,322421,0,0,28857600000000000,12,1,2015-12-01,1
W1F1,2015-12-08,0,94027504,0,0,0,19,367603,0,0,29462400000000000,12,1,2015-12-08,0
W1F1,2015-06-01,0,96575720,0,0,0,6,201456,0,0,13046400000000000,6,7,2015-06-01,0
W1F1,2015-06-01,0,36730600,0,0,0,6,199335,0,0,13046400000000000,6,7,2015-06-01,0
W1F1,2015-05-01,0,172796208,0,16,0,9,288309,0,12,10368000000000000,5,4,2015-05-01,0
W1F1,2015-12-08,0,193614720,0,0,6,10,246859,0,0,29462400000000000,12,1,2015-12-08,0
W1F1,2015-12-10,0,188215280,0,0,0,8,311987,0,1,29635200000000000,12,3,2015-12-10,0
W1F1,2015-12-04,0,86600952,0,0,0,8,429827,0,0,29116800000000000,12,4,2015-12-04,0
W1F1,2015-12-03,0,192622720,8,0,0,10,31,0,0,29030400000000000,12,3,2015-12-03,0
W1F1,2015-12-01,0,164882000,2040,0,0,7,38125,32,1,28857600000000000,12,1,2015-12-01,1
W1F1,2015-12-10,0,39286488,0,0,0,6,313544,0,0,29635200000000000,12,3,2015-12-10,0
W1F1,2015-12-08,0,214133360,0,21,0,23,367776,0,33,29462400000000000,12,1,2015-12-08,0
W1F1,2015-05-01,0,182142616,0,0,0,7,289174,0,0,10368000000000000,5,4,2015-05-01,0
W1F1,2015-12-03,0,44154504,0,0,0,23,253297,0,0,29030400000000000,12,3,2015-12-03,0
W1F1,2015-12-04,0,132151000,0,0,0,9,428852,0,0,29116800000000000,12,4,2015-12-04,0
W1F1,2015-12-08,0,80208016,0,0,0,16,372839,0,0,29462400000000000,12,1,2015-12-08,0
W1F1,2015-12-03,0,225337864,0,0,0,14,239610,0,0,29030400000000000,12,3,2015-12-03,0
W1F1,2015-12-04,0,33523904,0,0,0,9,375033,0,0,29116800000000000,12,4,2015-12-04,0
W1F1,2015-12-07,0,184363400,2456,0,0,12,241290,0,0,29376000000000000,12,7,2015-12-07,1
W1F1,2015-12-04,0,87276288,0,0,0,10,427858,0,0,29116800000000000,12,4,2015-12-04,0
W1F1,2015-12-04,0,1319888,0,0,0,9,430343,0,0,29116800000000000,12,4,2015-12-04,0
W1F1,2015-12-10,0,193135096,0,0,0,9,252509,0,0,29635200000000000,12,3,2015-12-10,0
W1F1,2015-12-01,0,87965944,1616,0,74,6,102644,16,0,28857600000000000,12,1,2015-12-01,1
W1F1,2015-12-10,0,91939480,0,0,0,12,253357,0,1,29635200000000000,12,3,2015-12-10,0
W1F1,2015-12-10,0,60818928,0,0,0,11,259621,0,0,29635200000000000,12,3,2015-12-10,0
W1F1,2015-12-08,0,158659624,0,0,0,11,245520,0,0,29462400000000000,12,1,2015-12-08,0
W1F1,2015-12-08,0,66378952,0,0,0,10,251335,0,4,29462400000000000,12,1,2015-12-08,0
W1F1,2015-12-03,0,172156688,46408,0,0,12,151894,0,0,29030400000000000,12,3,2015-12-03,0
W1F1,2015-12-08,0,147911488,0,0,0,9,246989,0,0,29462400000000000,12,1,2015-12-08,0
W1F1,2015-12-03,0,39302976,2000,0,0,24,48,0,0,29030400000000000,12,3,2015-12-03,0
W1F1,2015-12-10,0,237995256,0,0,0,12,251970,0,0,29635200000000000,12,3,2015-12-10,0
W1F1,2015-12-03,0,87694680,0,0,0,12,254335,0,0,29030400000000000,12,3,2015-12-03,0
W1F1,2015-12-02,0,208505280,16,0,0,23,45,0,0,28944000000000000,12,2,2015-12-02,1
W1F1,2015-12-10,0,186019688,0,0,0,8,343946,0,0,29635200000000000,12,3,2015-12-10,0
W1F1,2015-12-08,0,39503296,0,0,0,15,295832,0,0,29462400000000000,12,1,2015-12-08,0
W1F1,2015-06-01,0,114684312,376,0,0,5,18,0,0,13046400000000000,6,7,2015-06-01,0
W1F1,2015-12-03,0,172537432,0,0,0,11,40,0,0,29030400000000000,12,3,2015-12-03,0
W1F1,2015-06-01,0,221616816,0,0,0,5,12,0,0,13046400000000000,6,7,2015-06-01,0
W1F1,2015-05-01,0,224061208,0,0,0,8,267406,0,0,10368000000000000,5,4,2015-05-01,0
W1F1,2015-12-09,0,144451544,128,0,0,11,2058,0,0,29548800000000000,12,2,2015-12-09,0
W1F1,2015-12-08,0,62148088,0,0,0,9,30,0,1,29462400000000000,12,1,2015-12-08,0
W1F1,2015-12-10,0,96532552,6176,0,0,6,6251,16,0,29635200000000000,12,3,2015-12-10,0
W1F1,2015-12-08,0,67623696,0,61,0,15,522,0,0,29462400000000000,12,1,2015-12-08,0
W1F1,2015-12-07,0,151538776,56,0,12,8,139878,0,0,29376000000000000,12,7,2015-12-07,1
W1F1,2015-12-08,0,25530248,0,0,0,15,55,0,0,29462400000000000,12,1,2015-12-08,0
W1F1,2015-12-03,0,137029872,0,0,0,10,31,0,0,29030400000000000,12,3,2015-12-03,0
W1F1,2015-12-04,0,98647016,96,0,0,9,28,0,0,29116800000000000,12,4,2015-12-04,0
W1F1,2015-12-03,0,5975632,24,0,0,11,36,0,0,29030400000000000,12,3,2015-12-03,0
W1F1,2015-12-04,0,85809368,16,0,0,8,27,0,1,29116800000000000,12,4,2015-12-04,0
W1F1,2015-05-01,0,52827696,0,0,0,9,287621,0,1,10368000000000000,5,4,2015-05-01,0
W1F1,2015-12-08,0,82534728,0,0,0,9,249753,0,1,29462400000000000,12,1,2015-12-08,0
W1F1,2015-12-10,0,166259504,0,0,0,9,311072,0,0,29635200000000000,12,3,2015-12-10,0
W1F1,2015-12-06,0,25083192,0,0,0,16,297624,0,0,29289600000000000,12,6,2015-12-06,1
W1F1,2015-12-03,0,90315792,0,4,0,12,252778,0,5,29030400000000000,12,3,2015-12-03,0
W1F1,2015-12-08,0,105493704,0,0,0,19,370654,0,0,29462400000000000,12,1,2015-12-08,0
W1F1,2015-12-03,0,215439432,0,0,0,12,252089,0,0,29030400000000000,12,3,2015-12-03,0
W1F1,2015-12-04,0,80574912,0,0,0,13,44,0,5,29116800000000000,12,4,2015-12-04,1
W1F1,2015-12-08,0,234050096,0,1,0,11,248633,0,2,29462400000000000,12,1,2015-12-08,0
W1F1,2015-12-04,0,74924216,0,0,0,10,432435,0,0,29116800000000000,12,4,2015-12-04,0
W1F1,2015-12-10,0,36464168,0,0,0,7,31,0,0,29635200000000000,12,3,2015-12-10,0
W1F1,2015-12-02,0,185439160,8,0,8,10,7491,0,0,28944000000000000,12,2,2015-12-02,1
W1F1,2015-12-04,0,4511632,0,0,0,13,44,0,0,29116800000000000,12,4,2015-12-04,1
W1F1,2015-12-04,0,113850640,0,0,0,8,27,0,0,29116800000000000,12,4,2015-12-04,0
W1F1,2015-05-01,0,105071408,0,0,0,8,24,0,7,10368000000000000,5,4,2015-05-01,0
W1F1,2015-12-07,0,131472528,88,0,0,9,29,0,0,29376000000000000,12,7,2015-12-07,1
W1F1,2015-12-03,0,61558568,8,0,0,10,31,0,0,29030400000000000,12,3,2015-12-03,0
W1F1,2015-12-03,0,203547488,792,0,2,8,190301,8,0,29030400000000000,12,3,2015-12-03,1
W1F1,2015-06-01,0,235740392,0,0,0,7,19,0,0,13046400000000000,6,7,2015-06-01,0
W1F1,2015-12-08,0,240152416,0,34,0,23,321876,0,205,29462400000000000,12,1,2015-12-08,0
W1F1,2015-05-01,0,53384352,0,0,0,8,267066,0,1,10368000000000000,5,4,2015-05-01,0
W1F1,2015-12-07,0,200666256,0,0,14,9,238717,0,0,29376000000000000,12,7,2015-12-07,1
W1F1,2015-12-03,0,91891328,0,0,0,12,254496,0,0,29030400000000000,12,3,2015-12-03,0
W1F1,2015-12-10,0,171153984,0,7,0,8,315564,0,0,29635200000000000,12,3,2015-12-10,0
W1F1,2015-05-01,0,62137752,0,0,0,8,266393,0,0,10368000000000000,5,4,2015-05-01,0
W1F1,2015-12-03,0,226174040,0,0,0,13,234067,0,0,29030400000000000,12,3,2015-12-03,0
W1F1,2015-12-03,0,220882208,0,0,0,13,251461,0,0,29030400000000000,12,3,2015-12-03,0
W1F1,2015-12-08,0,71328040,552,0,0,11,251238,0,0,29462400000000000,12,1,2015-12-08,0
W1F1,2015-12-08,0,193939120,0,0,0,9,246893,0,0,29462400000000000,12,1,2015-12-08,0
W1F1,2015-12-10,0,14438336,0,0,0,9,252348,0,0,29635200000000000,12,3,2015-12-10,0
W1F1,2015-12-08,0,68843696,0,0,0,19,351677,0,1,29462400000000000,12,1,2015-12-08,0
W1F1,2015-05-01,0,238830008,0,0,0,9,288848,0,14,10368000000000000,5,4,2015-05-01,0
W1F1,2015-12-03,0,209198248,424,0,0,12,239643,0,0,29030400000000000,12,3,2015-12-03,0
W1F1,2015-12-08,0,58220832,0,0,112,20,375082,0,0,29462400000000000,12,1,2015-12-08,0
W1F1,2015-12-03,0,187827448,0,0,0,11,256974,0,0,29030400000000000,12,3,2015-12-03,0
W1F1,2015-12-10,0,197151160,144,0,0,9,250617,0,0,29635200000000000,12,3,2015-12-10,0
W1F1,2015-12-04,0,215428640,0,0,0,9,428546,0,0,29116800000000000,12,4,2015-12-04,0
W1F1,2015-12-08,0,105480384,0,0,0,9,246822,0,0,29462400000000000,12,1,2015-12-08,0
W1F1,2015-12-10,0,123107800,0,0,0,8,344725,0,0,29635200000000000,12,3,2015-12-10,0
W1F1,2015-12-03,0,159201976,0,0,0,11,260539,0,0,29030400000000000,12,3,2015-12-03,0
W1F1,2015-06-01,0,187366376,0,0,0,5,18,0,0,13046400000000000,6,7,2015-06-01,0
W1F1,2015-12-03,0,141316632,0,0,0,12,41,0,0,29030400000000000,12,3,2015-12-03,0
W1F1,2015-12-03,0,131336608,0,0,0,12,41,0,0,29030400000000000,12,3,2015-12-03,0
W1F1,2015-12-10,0,85485616,264,0,0,7,19165,0,0,29635200000000000,12,3,2015-12-10,0
W1F1,2015-06-01,0,11041672,0,0,0,5,18,0,0,13046400000000000,6,7,2015-06-01,0
W1F1,2015-11-05,0,199997480,0,0,0,6,24,0,0,26611200000000000,11,3,2015-11-05,0
W1F1,2015-06-01,0,130363296,0,0,0,5,19,0,0,13046400000000000,6,7,2015-06-01,0
W1F1,2015-12-03,0,108261752,0,0,0,10,30,0,0,29030400000000000,12,3,2015-12-03,0
W1F1,2015-12-08,0,99277600,176,0,0,15,55,0,0,29462400000000000,12,1,2015-12-08,0
W1F1,2015-12-04,0,110478336,0,0,0,9,28,0,0,29116800000000000,12,4,2015-12-04,0
W1F1,2015-12-08,0,56467408,0,0,0,11,248131,0,0,29462400000000000,12,1,2015-12-08,0
W1F1,2015-06-01,0,63826464,0,0,0,7,198362,0,0,13046400000000000,6,7,2015-06-01,0
W1F1,2015-12-04,0,133807032,0,0,0,10,428310,0,0,29116800000000000,12,4,2015-12-04,0
W1F1,2015-06-01,0,110382592,0,0,0,7,198769,0,0,13046400000000000,6,7,2015-06-01,0
W1F1,2015-12-10,0,73645688,2648,0,0,9,254192,0,0,29635200000000000,12,3,2015-12-10,0
W1F1,2015-12-08,0,137196912,0,0,0,15,55,0,0,29462400000000000,12,1,2015-12-08,0
W1F1,2015-12-10,0,108544832,0,0,0,11,36,0,0,29635200000000000,12,3,2015-12-10,0
W1F1,2015-12-03,0,70196328,0,0,0,24,254586,0,0,29030400000000000,12,3,2015-12-03,0
W1F1,2015-12-08,0,38072856,0,0,0,11,251763,0,0,29462400000000000,12,1,2015-12-08,0
W1F1,2015-12-08,0,178256624,0,0,0,11,248969,0,4,29462400000000000,12,1,2015-12-08,0
W1F1,2015-12-08,0,236305832,0,0,0,13,46,0,0,29462400000000000,12,1,2015-12-08,0
W1F1,2015-06-01,0,106334752,0,0,0,5,18,0,0,13046400000000000,6,7,2015-06-01,0
W1F1,2015-12-08,0,99864160,0,0,0,6,12,0,0,29462400000000000,12,1,2015-12-08,0
W1F1,2015-12-07,0,17891000,0,0,0,10,49,48,0,29376000000000000,12,7,2015-12-07,1
W1F1,2015-12-04,0,205465208,0,18,0,9,28,0,4,29116800000000000,12,4,2015-12-04,0
W1F1,2015-12-04,0,221116480,0,0,0,8,27,0,0,29116800000000000,12,4,2015-12-04,0
W1F1,2015-12-03,0,200696816,0,0,0,25,260903,0,0,29030400000000000,12,3,2015-12-03,0
W1F1,2015-12-08,0,197456816,0,0,0,16,56,0,0,29462400000000000,12,1,2015-12-08,0
W1F1,2015-12-03,0,227397216,0,0,0,11,35,0,0,29030400000000000,12,3,2015-12-03,0
W1F1,2015-12-08,0,57058464,0,0,13,5,260666,0,0,29462400000000000,12,1,2015-12-08,0
W1F1,2015-12-08,0,55724640,0,0,0,6,31,0,0,29462400000000000,12,1,2015-12-08,0
W1F1,2015-12-10,0,236350808,0,0,0,6,314531,0,0,29635200000000000,12,3,2015-12-10,0
W1F1,2015-05-01,0,225933136,0,0,0,6,267119,0,0,10368000000000000,5,4,2015-05-01,0
W1F1,2015-05-01,0,125240272,0,0,0,8,289486,0,0,10368000000000000,5,4,2015-05-01,0
W1F1,2015-12-10,0,38787344,0,0,0,6,315092,0,0,29635200000000000,12,3,2015-12-10,0
W1F1,2015-12-10,0,242887264,0,0,0,6,314404,0,0,29635200000000000,12,3,2015-12-10,0
W1F1,2015-05-01,0,176536104,0,0,0,7,279141,0,0,10368000000000000,5,4,2015-05-01,0
W1F1,2015-05-01,0,242352136,0,0,0,8,264780,0,0,10368000000000000,5,4,2015-05-01,0
W1F1,2015-06-01,0,236002424,0,0,0,4,154353,0,0,13046400000000000,6,7,2015-06-01,0
W1F1,2015-12-09,0,165048912,0,0,0,39,423236,0,0,29548800000000000,12,2,2015-12-09,0
Z1F0,2015-12-08,0,194982576,0,0,0,7,309464,0,18,29462400000000000,12,1,2015-12-08,0
Z1F0,2015-11-05,0,19605304,0,0,0,8,226144,0,0,26611200000000000,11,3,2015-11-05,0
Z1F0,2015-12-03,0,44715072,0,0,0,5,241246,0,0,29030400000000000,12,3,2015-12-03,0
Z1F0,2015-12-03,0,206332880,0,0,0,5,211055,0,0,29030400000000000,12,3,2015-12-03,0
Z1F0,2015-12-02,0,65759744,0,0,0,13,309876,0,0,28944000000000000,12,2,2015-12-02,1
Z1F0,2015-06-01,0,115355024,0,0,12,9,384248,0,0,13046400000000000,6,7,2015-06-01,0
Z1F0,2015-12-02,0,163853176,0,0,6,8,266520,0,0,28944000000000000,12,2,2015-12-02,0
Z1F0,2015-12-05,0,175354528,0,0,0,4,384498,0,0,29203200000000000,12,5,2015-12-05,0
Z1F0,2015-12-06,0,79252040,0,70,0,11,286419,0,1165,29289600000000000,12,6,2015-12-06,1
Z1F0,2015-12-04,0,216079032,0,0,0,8,401460,0,0,29116800000000000,12,4,2015-12-04,0
Z1F0,2015-06-01,0,109291912,0,0,0,12,198876,0,3,13046400000000000,6,7,2015-06-01,0
Z1F0,2015-12-02,0,241515264,992,0,0,5,331457,0,0,28944000000000000,12,2,2015-12-02,0
Z1F0,2015-12-03,0,47918560,0,0,0,10,313453,0,0,29030400000000000,12,3,2015-12-03,0
Z1F0,2015-06-01,0,121238344,0,0,0,5,403972,0,4,13046400000000000,6,7,2015-06-01,0
Z1F0,2015-06-01,0,228773984,344,0,0,18,204770,0,0,13046400000000000,6,7,2015-06-01,0
Z1F0,2015-12-10,0,91565376,0,0,0,12,356219,0,13,29635200000000000,12,3,2015-12-10,0
Z1F0,2015-06-01,0,63813816,0,0,0,13,197503,0,1,13046400000000000,6,7,2015-06-01,0
Z1F0,2015-06-01,0,81563880,0,0,0,5,189434,0,0,13046400000000000,6,7,2015-06-01,0
Z1F0,2015-12-09,0,89196552,0,0,0,38,424454,0,0,29548800000000000,12,2,2015-12-09,0
Z1F0,2015-12-03,0,123030984,0,0,0,5,283089,0,18,29030400000000000,12,3,2015-12-03,0
Z1F0,2015-12-03,0,188950656,2096,0,0,6,209694,0,4,29030400000000000,12,3,2015-12-03,1
Z1F0,2015-12-03,0,150162080,0,0,0,39,301768,0,0,29030400000000000,12,3,2015-12-03,0
Z1F0,2015-12-10,0,97318984,0,0,0,8,344481,0,0,29635200000000000,12,3,2015-12-10,0
Z1F0,2015-12-10,0,62246360,0,0,0,9,342078,0,0,29635200000000000,12,3,2015-12-10,0
Z1F0,2015-12-05,0,159228264,0,0,0,8,297648,0,0,29203200000000000,12,5,2015-12-05,1
Z1F0,2015-12-10,0,182687768,0,0,0,10,345387,0,0,29635200000000000,12,3,2015-12-10,0
Z1F0,2015-12-10,0,197545296,0,0,0,8,337315,0,0,29635200000000000,12,3,2015-12-10,0
Z1F0,2015-12-03,0,89924936,0,0,0,12,316629,0,0,29030400000000000,12,3,2015-12-03,0
Z1F0,2015-12-08,0,104376936,0,0,0,66,251827,0,0,29462400000000000,12,1,2015-12-08,0
Z1F0,2015-06-01,0,233260120,0,0,0,13,194407,0,11,13046400000000000,6,7,2015-06-01,0
Z1F0,2015-12-08,0,216051200,0,2,0,94,252478,0,0,29462400000000000,12,1,2015-12-08,0
Z1F0,2015-12-08,0,113180952,0,0,0,6,329252,0,0,29462400000000000,12,1,2015-12-08,0
Z1F0,2015-05-01,0,196139392,0,0,0,10,212306,0,0,10368000000000000,5,4,2015-05-01,0
Z1F0,2015-05-01,0,140183200,0,0,0,6,210374,0,0,10368000000000000,5,4,2015-05-01,0
Z1F0,2015-12-10,0,109583848,0,0,0,11,387665,0,0,29635200000000000,12,3,2015-12-10,0
Z1F0,2015-05-01,0,21168168,0,0,6,7,211013,0,0,10368000000000000,5,4,2015-05-01,0
Z1F0,2015-05-01,0,96894544,0,0,0,6,206230,0,0,10368000000000000,5,4,2015-05-01,0
Z1F0,2015-12-08,0,10810800,0,0,0,60,250294,0,0,29462400000000000,12,1,2015-12-08,0
Z1F0,2015-12-08,0,104463808,0,0,0,60,250928,0,0,29462400000000000,12,1,2015-12-08,0
Z1F0,2015-12-08,0,103900720,0,0,0,63,250991,0,0,29462400000000000,12,1,2015-12-08,0
Z1F0,2015-05-01,0,78113408,0,0,0,6,211930,0,2,10368000000000000,5,4,2015-05-01,0
Z1F0,2015-05-01,0,122998328,0,0,2,6,209897,0,0,10368000000000000,5,4,2015-05-01,0
Z1F0,2015-05-01,0,28979376,0,0,0,7,212218,0,0,10368000000000000,5,4,2015-05-01,0
Z1F0,2015-05-01,0,140882816,0,0,0,8,210157,0,0,10368000000000000,5,4,2015-05-01,0
Z1F0,2015-12-08,0,187179224,0,0,0,12,331592,0,1,29462400000000000,12,1,2015-12-08,0
Z1F0,2015-12-08,0,191041344,0,0,0,7,330029,0,0,29462400000000000,12,1,2015-12-08,0
Z1F0,2015-12-08,0,202665352,0,0,0,6,337345,0,0,29462400000000000,12,1,2015-12-08,0
Z1F0,2015-05-01,0,34613168,0,0,0,6,205492,0,0,10368000000000000,5,4,2015-05-01,0
Z1F0,2015-05-01,0,117861192,0,0,0,6,199167,40,0,10368000000000000,5,4,2015-05-01,0
Z1F0,2015-12-10,0,24013008,0,0,0,9,526930,0,0,29635200000000000,12,3,2015-12-10,0
Z1F0,2015-12-10,0,49375144,0,0,0,11,528361,0,0,29635200000000000,12,3,2015-12-10,0
Z1F0,2015-12-03,0,78671936,0,0,0,5,222826,0,0,29030400000000000,12,3,2015-12-03,0
Z1F0,2015-05-01,0,221345760,0,0,0,5,209630,24,0,10368000000000000,5,4,2015-05-01,0
Z1F0,2015-05-01,0,153450632,0,0,0,5,152259,8,0,10368000000000000,5,4,2015-05-01,0
Z1F0,2015-12-10,0,165063120,0,0,0,11,535873,0,0,29635200000000000,12,3,2015-12-10,0
Z1F0,2015-12-10,0,31598240,0,0,0,11,533707,0,0,29635200000000000,12,3,2015-12-10,0
Z1F0,2015-12-10,0,54543808,0,0,0,10,524393,0,0,29635200000000000,12,3,2015-12-10,0
Z1F0,2015-12-10,0,129445208,0,0,0,11,531171,0,0,29635200000000000,12,3,2015-12-10,0
Z1F0,2015-12-08,0,196381464,0,0,0,9,322725,0,10,29462400000000000,12,1,2015-12-08,0
Z1F0,2015-12-08,0,224361384,0,0,0,7,323571,0,1,29462400000000000,12,1,2015-12-08,0
Z1F0,2015-12-08,0,191788560,0,0,0,58,250742,0,2,29462400000000000,12,1,2015-12-08,0
Z1F0,2015-12-08,0,3465208,0,1,0,78,248405,0,104,29462400000000000,12,1,2015-12-08,0
Z1F0,2015-12-10,0,182254568,0,0,0,10,531880,0,1,29635200000000000,12,3,2015-12-10,0
Z1F0,2015-12-10,0,33082488,0,0,0,9,538228,0,0,29635200000000000,12,3,2015-12-10,0
Z1F0,2015-12-10,0,224255472,0,0,0,10,533420,0,0,29635200000000000,12,3,2015-12-10,0
Z1F0,2015-05-01,0,74062792,0,0,0,6,205565,0,0,10368000000000000,5,4,2015-05-01,0
Z1F0,2015-12-08,0,26934944,0,0,0,8,324186,0,2,29462400000000000,12,1,2015-12-08,0
Z1F0,2015-12-10,0,74616616,0,0,7,11,551337,0,0,29635200000000000,12,3,2015-12-10,0
Z1F0,2015-12-10,0,219898104,0,0,0,10,532377,0,0,29635200000000000,12,3,2015-12-10,0
Z1F0,2015-12-08,0,58581616,0,0,0,8,332831,0,0,29462400000000000,12,1,2015-12-08,0
Z1F0,2015-05-01,0,164810240,0,0,0,7,210662,0,1,10368000000000000,5,4,2015-05-01,0
Z1F0,2015-05-01,0,126983536,0,0,0,6,205488,0,0,10368000000000000,5,4,2015-05-01,0
Z1F0,2015-12-03,0,129835080,0,0,0,12,313739,0,5,29030400000000000,12,3,2015-12-03,0
Z1F0,2015-12-03,0,147147672,0,0,0,12,316283,0,0,29030400000000000,12,3,2015-12-03,0
Z1F0,2015-05-01,0,176231456,232,0,0,6,210122,0,0,10368000000000000,5,4,2015-05-01,0
Z1F0,2015-12-06,0,17615760,0,318,0,6,323176,0,19,29289600000000000,12,6,2015-12-06,1
Z1F0,2015-12-08,0,61182624,0,0,0,7,332421,0,0,29462400000000000,12,1,2015-12-08,0
Z1F0,2015-05-01,0,84881320,0,0,0,6,205611,0,0,10368000000000000,5,4,2015-05-01,0
Z1F0,2015-12-08,0,70026824,0,0,0,7,338971,0,0,29462400000000000,12,1,2015-12-08,0
Z1F0,2015-12-08,0,198707328,0,0,0,8,322883,0,0,29462400000000000,12,1,2015-12-08,0
Z1F0,2015-12-08,0,147172864,0,0,0,7,340121,0,0,29462400000000000,12,1,2015-12-08,0
Z1F0,2015-12-10,0,191745000,0,0,0,10,528575,0,0,29635200000000000,12,3,2015-12-10,0
Z1F0,2015-05-01,0,50877472,0,0,0,6,200915,0,0,10368000000000000,5,4,2015-05-01,0
Z1F0,2015-05-01,0,21703184,0,0,0,7,179118,0,0,10368000000000000,5,4,2015-05-01,0
Z1F0,2015-05-01,0,163833528,0,2,12,5,198185,0,0,10368000000000000,5,4,2015-05-01,0
Z1F0,2015-06-01,0,41730376,24656,0,0,22,166598,0,0,13046400000000000,6,7,2015-06-01,0
Z1F0,2015-12-08,0,137998520,0,0,0,8,341366,0,1,29462400000000000,12,1,2015-12-08,0
Z1F0,2015-12-10,0,142422240,0,0,0,10,535607,0,0,29635200000000000,12,3,2015-12-10,0
Z1F0,2015-12-08,0,123408536,0,0,6,57,251195,0,1,29462400000000000,12,1,2015-12-08,0
Z1F0,2015-12-01,0,153059032,0,0,0,7,308434,0,0,28857600000000000,12,1,2015-12-01,1
Z1F0,2015-12-10,0,235239624,0,0,0,11,549283,0,0,29635200000000000,12,3,2015-12-10,0
Z1F0,2015-12-01,0,221100312,0,1,0,7,293224,40,52,28857600000000000,12,1,2015-12-01,1
Z1F0,2015-06-01,0,225361968,0,0,6,22,205318,0,0,13046400000000000,6,7,2015-06-01,0
Z1F0,2015-12-03,0,175244432,0,0,0,10,317626,0,3,29030400000000000,12,3,2015-12-03,0
Z1F0,2015-11-05,0,221314584,0,0,0,17,207720,0,0,26611200000000000,11,3,2015-11-05,0
Z1F0,2015-12-10,0,122411416,0,0,0,9,345561,0,0,29635200000000000,12,3,2015-12-10,0
Z1F0,2015-12-08,0,68310344,0,0,0,57,250985,0,0,29462400000000000,12,1,2015-12-08,0
Z1F0,2015-12-01,0,142359320,0,0,0,12,322313,0,0,28857600000000000,12,1,2015-12-01,1
Z1F0,2015-12-03,0,87940496,0,0,0,16,304312,0,0,29030400000000000,12,3,2015-12-03,0
Z1F0,2015-12-03,0,179930952,0,0,1,7,298235,0,0,29030400000000000,12,3,2015-12-03,0
Z1F0,2015-06-01,0,48250072,0,0,0,17,197300,0,0,13046400000000000,6,7,2015-06-01,0
Z1F0,2015-12-03,0,211662464,0,0,0,13,313807,0,0,29030400000000000,12,3,2015-12-03,0
Z1F0,2015-12-08,0,137670456,0,0,0,9,298414,0,11,29462400000000000,12,1,2015-12-08,1
Z1F0,2015-12-03,0,237364480,0,0,0,11,315214,0,3,29030400000000000,12,3,2015-12-03,0
Z1F0,2015-12-03,0,150812864,0,0,0,12,273758,0,0,29030400000000000,12,3,2015-12-03,0
Z1F0,2015-12-03,0,13419768,0,0,0,13,316228,0,0,29030400000000000,12,3,2015-12-03,0
Z1F0,2015-12-03,0,13912752,0,0,0,10,240331,0,0,29030400000000000,12,3,2015-12-03,0
Z1F0,2015-12-03,0,105608528,0,0,0,10,317141,0,0,29030400000000000,12,3,2015-12-03,0
Z1F0,2015-12-03,0,91019032,0,3,0,37,310282,0,3,29030400000000000,12,3,2015-12-03,0
Z1F0,2015-12-03,0,59537064,0,0,0,16,215381,0,7,29030400000000000,12,3,2015-12-03,0
Z1F0,2015-06-01,0,71965672,0,0,0,20,196658,0,0,13046400000000000,6,7,2015-06-01,0
Z1F0,2015-12-08,0,5915592,0,0,0,68,250816,0,0,29462400000000000,12,1,2015-12-08,0
Z1F0,2015-12-03,0,82011624,0,0,0,9,238882,0,0,29030400000000000,12,3,2015-12-03,0
Z1F0,2015-06-01,0,179945528,0,0,3,3,199120,0,0,13046400000000000,6,7,2015-06-01,0
Z1F0,2015-12-01,0,109359416,0,0,60,10,200147,16,0,28857600000000000,12,1,2015-12-01,1
Z1F0,2015-12-06,0,109185160,1128,0,0,7,300095,0,2,29289600000000000,12,6,2015-12-06,1
Z1F0,2015-12-01,0,145319376,0,0,0,31,260006,0,0,28857600000000000,12,1,2015-12-01,1
Z1F0,2015-12-03,0,126359576,0,0,0,37,301776,0,1,29030400000000000,12,3,2015-12-03,0
Z1F0,2015-12-10,0,239224440,64,107,4,10,324811,0,13,29635200000000000,12,3,2015-12-10,0
Z1F0,2015-12-03,0,6450792,0,0,0,32,302100,0,0,29030400000000000,12,3,2015-12-03,0
Z1F0,2015-12-03,0,56697360,0,0,0,32,304645,0,0,29030400000000000,12,3,2015-12-03,0
Z1F0,2015-12-03,0,80340592,0,0,0,12,274072,0,1,29030400000000000,12,3,2015-12-03,0
Z1F0,2015-12-03,0,138472552,824,1,1,8,227889,8,0,29030400000000000,12,3,2015-12-03,1
Z1F0,2015-12-03,0,125703472,0,0,0,12,316262,0,0,29030400000000000,12,3,2015-12-03,0
Z1F0,2015-06-01,0,89403376,0,0,0,22,197783,0,0,13046400000000000,6,7,2015-06-01,0
Z1F0,2015-12-10,0,80425080,4816,0,0,10,342771,0,0,29635200000000000,12,3,2015-12-10,0
Z1F0,2015-06-01,0,177876136,0,0,0,20,171628,0,0,13046400000000000,6,7,2015-06-01,0
Z1F0,2015-06-01,0,74688336,0,0,0,20,172776,0,1,13046400000000000,6,7,2015-06-01,0
Z1F0,2015-06-01,0,233521352,0,0,1,20,204514,0,0,13046400000000000,6,7,2015-06-01,0
Z1F0,2015-12-03,0,239539408,0,0,0,14,301697,0,0,29030400000000000,12,3,2015-12-03,0
Z1F0,2015-12-03,0,97112472,0,0,0,10,315863,0,0,29030400000000000,12,3,2015-12-03,0
Z1F0,2015-12-10,0,45459392,0,0,0,11,346290,0,0,29635200000000000,12,3,2015-12-10,0
Z1F0,2015-12-10,0,151934736,0,0,0,9,343690,0,0,29635200000000000,12,3,2015-12-10,0
Z1F0,2015-12-08,0,163067128,0,0,0,64,211083,0,1,29462400000000000,12,1,2015-12-08,0
Z1F0,2015-12-03,0,133997064,0,0,0,12,313851,0,0,29030400000000000,12,3,2015-12-03,0
Z1F0,2015-06-01,0,90121264,0,0,0,20,202639,0,0,13046400000000000,6,7,2015-06-01,0
Z1F0,2015-12-03,0,108344648,0,0,6,10,314764,0,0,29030400000000000,12,3,2015-12-03,0
Z1F0,2015-06-01,0,104159416,0,0,0,13,173073,0,0,13046400000000000,6,7,2015-06-01,0
Z1F0,2015-12-08,0,232274256,0,15,0,95,251092,0,155,29462400000000000,12,1,2015-12-08,0
Z1F0,2015-06-01,0,167881352,0,0,0,19,198520,0,0,13046400000000000,6,7,2015-06-01,0
Z1F0,2015-06-01,0,159102232,0,8,6,20,198959,0,0,13046400000000000,6,7,2015-06-01,0
Z1F0,2015-12-08,0,114429688,0,0,0,89,241396,0,0,29462400000000000,12,1,2015-12-08,0
Z1F0,2015-06-01,0,57595600,0,0,0,14,174940,0,0,13046400000000000,6,7,2015-06-01,0
Z1F0,2015-12-03,0,165233360,0,0,0,15,41,0,0,29030400000000000,12,3,2015-12-03,0
Z1F0,2015-12-10,0,114229576,0,0,0,5,295982,0,0,29635200000000000,12,3,2015-12-10,0
Z1F0,2015-12-04,0,144790432,0,0,0,8,429417,0,10,29116800000000000,12,4,2015-12-04,0
Z1F0,2015-12-03,0,240322480,0,0,0,10,35,0,0,29030400000000000,12,3,2015-12-03,0
Z1F0,2015-06-01,0,152495448,0,0,4,5,156614,0,0,13046400000000000,6,7,2015-06-01,0
Z1F0,2015-12-10,0,117684264,0,0,0,9,223096,0,1,29635200000000000,12,3,2015-12-10,0
Z1F1,2015-05-01,0,47985832,0,36,0,5,231644,0,1,10368000000000000,5,4,2015-05-01,0
Z1F1,2015-12-10,0,58988672,0,0,0,6,430374,0,0,29635200000000000,12,3,2015-12-10,0
Z1F1,2015-05-01,0,222602176,0,0,2,5,216194,0,0,10368000000000000,5,4,2015-05-01,0
Z1F1,2015-05-01,0,232584896,0,0,0,8,240683,0,0,10368000000000000,5,4,2015-05-01,0
Z1F1,2015-12-10,0,4262072,0,0,0,8,251752,0,0,29635200000000000,12,3,2015-12-10,0
Z1F1,2015-12-10,0,20260120,0,0,3,7,262814,0,0,29635200000000000,12,3,2015-12-10,0
Z1F1,2015-12-02,0,20817080,2464,0,0,24,254327,0,0,28944000000000000,12,2,2015-12-02,1
Z1F1,2015-05-01,0,66088888,0,0,0,8,228267,0,0,10368000000000000,5,4,2015-05-01,0
Z1F1,2015-12-10,0,221092648,0,0,0,8,284016,0,0,29635200000000000,12,3,2015-12-10,0
Z1F1,2015-12-10,0,172569416,64584,0,3,8,219649,176,0,29635200000000000,12,3,2015-12-10,0
Z1F1,2015-12-04,0,117547152,0,0,0,8,198466,96,0,29116800000000000,12,4,2015-12-04,1
Z1F1,2015-12-09,0,27665896,0,0,0,8,250254,0,0,29548800000000000,12,2,2015-12-09,1
Z1F1,2015-05-01,0,109319072,0,0,0,8,213537,0,177,10368000000000000,5,4,2015-05-01,0
Z1F1,2015-05-01,0,213485456,0,0,3,8,207946,0,0,10368000000000000,5,4,2015-05-01,0
Z1F1,2015-05-01,0,213951736,0,0,0,7,250873,0,0,10368000000000000,5,4,2015-05-01,0
Z1F1,2015-06-01,0,28679576,240,1,0,2,164512,0,0,13046400000000000,6,7,2015-06-01,0
Z1F1,2015-12-03,0,163535040,0,0,0,8,259401,0,0,29030400000000000,12,3,2015-12-03,0
Z1F1,2015-05-01,0,199560176,0,1,0,4,204876,0,0,10368000000000000,5,4,2015-05-01,0
Z1F1,2015-05-01,0,53509504,0,1,0,4,244945,0,0,10368000000000000,5,4,2015-05-01,0
Z1F1,2015-05-01,0,59313528,0,1,0,4,241761,0,7226,10368000000000000,5,4,2015-05-01,0
Z1F1,2015-12-10,0,87726200,0,0,0,8,287641,0,9,29635200000000000,12,3,2015-12-10,0
Z1F1,2015-12-04,0,206637808,0,0,95,8,191015,16,0,29116800000000000,12,4,2015-12-04,1
Z1F1,2015-12-03,0,199250848,0,0,0,9,171978,0,8,29030400000000000,12,3,2015-12-03,0
Z1F1,2015-06-01,0,130157952,0,0,0,4,375821,0,0,13046400000000000,6,7,2015-06-01,0
Z1F1,2015-05-01,0,215369024,0,0,0,8,229979,0,3,10368000000000000,5,4,2015-05-01,0
Z1F1,2015-12-03,0,149457216,0,1,0,3,242595,0,1,29030400000000000,12,3,2015-12-03,0
Z1F1,2015-12-03,0,16531632,0,1,0,5,248507,0,8,29030400000000000,12,3,2015-12-03,0
Z1F1,2015-05-01,0,162026192,0,1,0,1,178652,0,3,10368000000000000,5,4,2015-05-01,0
Z1F1,2015-12-08,0,91506072,0,1,10,5,226641,0,0,29462400000000000,12,1,2015-12-08,0
Z1F1,2015-12-10,0,108847216,0,0,0,8,344080,0,0,29635200000000000,12,3,2015-12-10,0
Z1F1,2015-12-10,0,218973408,0,0,0,8,312668,0,0,29635200000000000,12,3,2015-12-10,0
Z1F1,2015-12-05,1,4527376,0,0,1,8,244782,0,0,29203200000000000,12,5,2015-12-05,0
Z1F1,2015-06-01,0,120109264,0,0,0,6,19,0,0,13046400000000000,6,7,2015-06-01,0
Z1F1,2015-12-08,0,204611152,0,0,0,16,56,0,5,29462400000000000,12,1,2015-12-08,0
Z1F1,2015-12-08,0,58515528,0,0,0,18,58,0,0,29462400000000000,12,1,2015-12-08,0
Z1F1,2015-06-01,0,15542016,0,0,1,7,95477,8,0,13046400000000000,6,7,2015-06-01,0
Z1F1,2015-12-04,0,220405792,32,0,0,9,1096,24,0,29116800000000000,12,4,2015-12-04,0
Z1F1,2015-12-03,0,55583856,0,0,0,11,88840,0,0,29030400000000000,12,3,2015-12-03,0
Z1F1,2015-05-01,0,54610744,0,0,0,9,217,0,0,10368000000000000,5,4,2015-05-01,0
Z1F1,2015-05-01,0,23221936,0,0,0,7,278435,0,0,10368000000000000,5,4,2015-05-01,0
Z1F1,2015-12-10,0,87709680,0,0,0,7,347613,0,0,29635200000000000,12,3,2015-12-10,0
Z1F1,2015-12-10,0,191189856,0,0,0,7,272922,0,0,29635200000000000,12,3,2015-12-10,0
Z1F1,2015-12-10,0,119938152,0,0,0,7,314481,0,0,29635200000000000,12,3,2015-12-10,0
Z1F1,2015-06-01,0,199176360,168,0,11,7,94924,0,0,13046400000000000,6,7,2015-06-01,0
Z1F1,2015-12-04,0,156086024,0,0,0,11,28,0,0,29116800000000000,12,4,2015-12-04,0
Z1F1,2015-12-03,0,88607784,0,0,1,21,247388,0,0,29030400000000000,12,3,2015-12-03,0
Z1F1,2015-06-01,0,241932032,0,0,0,7,19,0,0,13046400000000000,6,7,2015-06-01,0
Z1F1,2015-12-03,0,131254672,112,0,0,12,37,0,0,29030400000000000,12,3,2015-12-03,0
Z1F1,2015-06-01,0,108778544,0,0,0,7,20,0,0,13046400000000000,6,7,2015-06-01,0
Z1F1,2015-08-05,1,13095344,32,0,10,7,24,0,0,18662400000000000,8,2,2015-08-05,0
Z1F1,2015-05-01,0,134404400,0,0,0,8,243083,0,0,10368000000000000,5,4,2015-05-01,0
Z1F1,2015-05-01,0,234101200,0,0,0,8,276223,0,0,10368000000000000,5,4,2015-05-01,0
Z1F1,2015-05-01,0,19586528,0,0,0,7,285117,0,18701,10368000000000000,5,4,2015-05-01,0
Z1F1,2015-06-01,0,32826592,0,0,0,7,18,0,1,13046400000000000,6,7,2015-06-01,0
Z1F1,2015-12-10,0,114027376,0,0,0,12,37,0,1,29635200000000000,12,3,2015-12-10,0
Z1F1,2015-12-08,0,14474464,0,0,0,16,55,0,0,29462400000000000,12,1,2015-12-08,0
Z1F1,2015-12-03,0,48763112,0,0,0,8,261796,0,3,29030400000000000,12,3,2015-12-03,0
Z1F1,2015-12-01,0,31223936,0,0,6,7,229734,24,0,28857600000000000,12,1,2015-12-01,1
Z1F1,2015-12-02,0,198777200,0,0,0,5,230471,0,0,28944000000000000,12,2,2015-12-02,0
Z1F1,2015-06-01,0,120474016,0,0,0,4,166890,0,0,13046400000000000,6,7,2015-06-01,0
Z1F1,2015-06-01,0,120187320,0,0,0,5,362008,0,6,13046400000000000,6,7,2015-06-01,0
Z1F1,2015-12-03,0,116259448,0,0,0,7,252266,0,0,29030400000000000,12,3,2015-12-03,0
Z1F1,2015-12-08,0,147829856,0,0,0,8,367597,0,12,29462400000000000,12,1,2015-12-08,0
Z1F1,2015-06-01,0,77380208,0,1,0,3,185854,0,0,13046400000000000,6,7,2015-06-01,0
Z1F1,2015-12-04,0,49098816,10168,1,0,4,335445,0,0,29116800000000000,12,4,2015-12-04,1
Z1F1,2015-12-10,0,75827296,0,0,0,5,257002,0,0,29635200000000000,12,3,2015-12-10,0
Z1F1,2015-12-06,0,75993304,0,0,0,7,263851,0,0,29289600000000000,12,6,2015-12-06,1
Z1F2,2015-12-03,0,74270824,0,1,0,1,292052,0,0,29030400000000000,12,3,2015-12-03,0
Z1F2,2015-12-03,0,59671544,0,1,0,1,192829,0,0,29030400000000000,12,3,2015-12-03,0
Z1F2,2015-12-03,0,151288552,0,0,0,5,161014,0,0,29030400000000000,12,3,2015-12-03,0
